"LOC_ID","ANIMAL_ID","SO"
6,1,9
7,2,5
5,3,7
5,4,7
7,5,13
7,5,14
5,6,2
5,7,7
5,8,7
1,9,3
2,10,4
6,11,8
5,12,7
6,13,8
6,14,11
7,15,10
7,15,14
5,16,2
2,17,4
7,18,2
7,18,11
7,19,15
6,20,8
7,21,15
7,22,11
5,23,7
3,24,5
3,25,6
5,26,7
3,27,6
6,28,8
6,28,11
6,29,8
6,29,9
5,30,2
5,31,7
6,32,9
6,33,9
6,33,11
7,34,5
6,35,11
1,36,3
5,37,7
2,38,7
6,39,8
7,40,2
7,41,12
7,42,5
5,43,2
7,44,2
7,44,10
5,45,2
7,46,9
7,47,14
7,48,1
7,48,13
5,49,7
3,50,5
2,51,4
5,52,7
5,53,2
2,54,11
7,55,14
6,56,9
7,57,2
5,58,2
7,59,12
7,59,15
7,60,2
4,61,8
1,62,3
3,63,5
2,64,4
4,65,8
7,66,5
3,67,6
3,68,5
3,69,5
3,70,5
2,71,7
3,72,5
1,73,3
3,74,5
3,75,6
7,76,2
5,77,7
7,78,5
5,79,7
5,80,7
5,81,2
5,82,2
5,82,7
7,83,5
7,83,11
2,84,7
5,85,7
6,86,9
7,87,2
5,88,7
7,89,2
5,90,2
1,91,3
4,92,6
1,93,3
3,94,6
3,95,6
3,96,5
3,97,5
3,98,6
6,99,8
2,100,11
2,101,4
4,102,6
7,103,1
7,103,2
7,104,10
7,105,2
7,106,14
7,107,11
7,108,1
7,108,11
7,109,15
7,110,1
7,111,1
7,111,15
7,112,9
7,112,12
7,113,9
7,114,10
7,114,14
7,115,5
7,116,1
7,116,9
7,117,10
7,118,2
7,118,14
7,119,2
7,119,10
7,119,15
7,120,1
7,121,2
7,121,13
7,122,5
7,122,13
7,122,15
2,123,4
2,124,4
2,124,7
2,125,4
4,125,6
2,126,4
2,127,4
2,128,4
2,129,4
2,129,7
2,130,4
2,131,4
2,132,4
2,133,4
2,134,4
2,135,4
2,136,4
2,136,7
2,137,4
3,137,5
2,138,4
2,139,4
2,140,4
2,141,4
2,142,4
2,143,4
2,144,4
2,145,4
2,146,4
2,147,4
2,148,4
2,149,4
2,150,4
2,150,7
2,151,4
2,152,4
2,153,4
2,154,4
2,155,4
2,156,4
2,157,4
2,158,4
2,159,4
2,160,4
2,161,4
2,161,7
2,162,4
2,163,4
2,164,4
2,165,4
2,166,4
2,167,4
2,168,4
2,169,4
2,169,7
2,170,4
2,171,4
2,172,4
2,173,4
2,174,4
2,175,4
2,176,4
2,177,4
2,177,7
2,178,4
2,179,4
2,180,4
2,181,4
2,182,4
2,183,4
2,183,7
2,184,4
2,185,4
2,186,4
2,187,4
2,188,4
2,189,4
2,190,4
2,191,4
2,192,4
2,193,4
2,194,4
2,195,4
2,196,4
2,197,4
2,198,4
2,199,4
2,200,4
2,201,4
2,202,4
2,202,11
2,203,4
2,204,4
2,205,4
2,206,4
2,207,4
2,208,4
2,209,4
2,210,4
2,210,11
2,211,4
2,212,4
2,213,4
2,214,4
2,215,4
2,216,4
2,217,4
2,218,4
2,219,4
2,219,7
2,220,4
2,221,4
7,221,10
2,222,4
2,223,4
2,224,4
2,225,4
2,226,4
2,227,4
2,228,4
2,229,4
2,230,4
2,231,4
2,232,4
2,233,4
2,234,4
2,235,4
2,235,7
2,236,4
2,237,4
2,238,4
2,239,4
2,240,4
2,241,4
2,242,4
2,243,4
2,244,4
2,244,7
2,245,4
2,246,4
2,247,4
2,248,4
2,249,4
2,250,4
2,251,4
2,252,4
2,253,4
2,254,4
2,255,4
2,256,4
2,257,4
2,257,11
2,258,4
2,259,4
2,260,4
2,261,4
2,262,4
2,263,4
2,264,4
2,265,4
2,266,4
2,267,4
2,268,4
2,269,4
2,270,4
2,271,4
2,272,4
2,273,4
2,274,4
2,275,4
2,276,4
2,277,4
1,278,3
1,279,3
2,279,11
1,280,3
7,281,2
1,282,3
1,283,3
1,284,3
7,285,10
7,285,14
2,286,4
1,287,3
1,288,3
7,289,11
1,290,3
2,291,4
1,292,3
1,293,3
2,294,7
1,295,3
1,296,3
2,297,11
2,298,4
1,299,3
7,300,2
7,301,2
2,302,11
1,303,3
3,304,6
5,305,2
3,306,5
2,307,4
1,308,3
7,309,5
4,310,8
7,311,14
2,312,7
7,313,11
6,314,8
1,315,3
7,316,2
1,317,3
1,318,3
7,319,14
7,320,1
7,320,14
1,321,3
2,322,4
7,323,14
1,324,3
1,325,3
7,326,12
2,327,4
7,328,1
7,328,2
2,329,4
1,330,3
1,331,3
1,332,3
1,333,3
1,334,3
5,335,2
1,336,3
1,337,3
1,338,3
1,339,3
6,340,8
2,341,4
4,342,6
2,343,4
7,344,10
7,345,12
1,346,3
7,347,5
1,348,3
1,349,3
7,350,15
7,351,1
2,352,4
7,353,12
7,354,12
1,355,3
4,356,8
1,357,3
1,358,3
6,359,8
7,360,12
7,361,2
1,362,3
2,363,4
2,364,7
1,365,3
2,366,7
2,367,11
1,368,3
5,369,7
1,370,3
1,371,3
1,372,3
2,372,4
2,373,11
1,374,3
7,375,2
7,375,9
5,376,2
5,377,7
5,378,2
5,378,7
5,379,7
7,380,15
5,381,2
5,382,2
5,383,2
4,383,8
5,384,2
5,385,2
5,386,2
5,387,2
5,388,2
5,389,2
5,390,2
5,391,2
5,392,2
5,393,2
5,394,2
5,395,2
5,396,2
5,397,2
5,398,2
5,399,2
5,400,2
5,401,2
5,402,2
5,403,2
7,403,5
5,404,2
5,405,2
5,406,2
5,407,2
5,408,2
5,409,2
5,410,2
5,411,2
5,412,2
5,413,2
7,413,5
5,414,2
5,415,2
3,415,6
5,416,2
5,416,7
5,417,2
5,418,2
5,419,2
5,420,2
5,420,7
5,421,2
7,421,12
5,422,2
5,423,2
5,424,2
5,425,2
5,425,7
5,426,2
5,427,2
5,428,2
5,429,2
5,430,2
5,431,2
5,432,2
5,433,2
5,434,2
5,434,7
5,435,2
5,436,2
5,436,7
5,437,2
5,438,2
5,439,2
5,440,2
5,441,2
5,442,2
5,443,2
5,443,7
5,444,2
5,445,2
5,446,2
5,447,2
5,448,2
5,449,2
5,450,2
5,451,2
5,452,2
5,453,2
5,453,7
5,454,2
5,455,2
5,456,2
5,457,2
5,458,2
5,459,2
4,459,6
5,460,2
5,461,2
5,462,2
5,463,2
5,464,2
5,465,2
5,466,2
5,467,2
5,468,2
5,468,7
5,469,2
5,470,2
5,471,2
5,472,2
5,473,2
5,474,2
5,475,2
5,475,7
5,476,2
5,477,2
5,478,2
5,479,2
5,480,2
5,481,2
5,482,2
5,483,2
5,484,2
5,485,2
5,486,2
5,487,2
5,488,2
5,489,2
6,489,9
5,490,2
5,491,2
5,492,2
5,493,2
1,494,3
1,495,3
1,496,3
1,497,3
1,498,3
1,499,3
1,500,3
1,501,3
1,502,3
1,503,3
1,504,3
1,505,3
1,506,3
1,507,3
1,508,3
1,509,3
1,510,3
1,511,3
1,512,3
1,513,3
1,514,3
1,515,3
1,516,3
1,517,3
3,517,6
1,518,3
1,519,3
2,519,7
1,520,3
1,521,3
1,522,3
1,523,3
1,524,3
1,525,3
1,526,3
1,527,3
1,528,3
1,529,3
1,530,3
3,530,6
1,531,3
1,532,3
1,533,3
1,534,3
1,535,3
1,536,3
1,537,3
1,538,3
1,539,3
1,540,3
1,541,3
1,542,3
1,543,3
1,544,3
1,545,3
1,546,3
1,547,3
1,548,3
1,549,3
1,550,3
1,551,3
1,552,3
7,552,11
1,553,3
2,553,4
1,554,3
1,555,3
1,556,3
1,557,3
1,558,3
1,559,3
1,560,3
1,561,3
1,562,3
1,563,3
1,564,3
1,565,3
7,565,5
1,566,3
1,567,3
1,568,3
1,569,3
1,570,3
1,571,3
1,572,3
1,573,3
1,574,3
1,575,3
1,576,3
1,577,3
1,578,3
1,579,3
1,580,3
1,581,3
1,582,3
1,583,3
1,584,3
1,585,3
1,586,3
2,586,11
1,587,3
1,588,3
1,589,3
1,590,3
1,591,3
1,592,3
1,593,3
1,594,3
1,595,3
1,596,3
1,597,3
1,598,3
1,599,3
1,600,3
1,601,3
1,602,3
2,602,4
1,603,3
1,604,3
1,605,3
1,606,3
1,607,3
2,607,7
1,608,3
1,609,3
1,610,3
1,611,3
1,612,3
1,613,3
1,614,3
2,614,11
1,615,3
1,616,3
1,617,3
1,618,3
1,619,3
1,620,3
1,621,3
1,622,3
1,623,3
1,624,3
1,625,3
1,626,3
1,627,3
1,628,3
1,629,3
1,630,3
1,631,3
1,632,3
1,633,3
1,634,3
1,635,3
1,636,3
1,637,3
1,638,3
1,639,3
1,640,3
1,641,3
1,642,3
1,643,3
1,644,3
2,644,11
1,645,3
1,646,3
2,646,7
1,647,3
1,648,3
1,649,3
1,650,3
1,651,3
1,652,3
1,653,3
1,654,3
1,655,3
1,656,3
1,657,3
1,658,3
1,659,3
2,659,4
1,660,3
1,661,3
1,662,3
1,663,3
1,664,3
1,665,3
2,666,4
2,667,4
2,668,4
2,669,4
2,670,4
2,671,4
2,672,4
2,673,4
2,674,4
2,675,4
2,676,4
2,677,4
2,678,4
2,678,7
1,679,3
1,680,3
1,681,3
1,682,3
1,683,3
1,684,3
1,685,3
1,686,3
1,687,3
1,688,3
1,689,3
1,690,3
1,691,3
1,692,3
1,693,3
1,694,3
1,695,3
1,696,3
2,696,4
1,697,3
1,698,3
1,699,3
1,700,3
1,701,3
1,702,3
1,703,3
1,704,3
1,705,3
1,706,3
1,707,3
1,708,3
1,709,3
1,710,3
1,711,3
1,712,3
1,713,3
1,714,3
1,715,3
1,716,3
1,717,3
1,718,3
1,719,3
1,720,3
1,721,3
1,722,3
1,723,3
1,724,3
1,725,3
1,726,3
7,726,9
1,727,3
3,727,5
1,728,3
1,729,3
1,730,3
1,731,3
1,732,3
1,733,3
1,734,3
1,735,3
1,736,3
1,737,3
1,738,3
1,739,3
1,740,3
1,741,3
2,742,4
2,743,4
2,744,4
2,745,4
2,746,4
2,747,4
2,748,4
2,749,4
2,750,4
2,751,4
2,752,4
2,752,11
2,753,4
2,754,4
2,755,4
2,756,4
2,757,4
2,758,4
2,758,7
2,759,4
2,760,4
2,761,4
2,762,4
2,763,4
2,764,4
2,765,4
2,766,4
2,767,4
2,767,11
2,768,4
2,769,4
2,770,4
2,771,4
2,772,4
2,772,11
2,773,4
2,774,4
2,774,7
2,775,4
2,776,4
2,777,4
2,778,4
2,779,4
2,780,4
2,781,4
2,782,4
2,783,4
2,784,4
2,785,4
2,786,4
2,786,11
2,787,4
2,788,4
2,789,4
2,790,4
2,790,11
2,791,4
2,792,4
2,793,4
2,794,4
2,795,4
2,796,4
2,797,4
2,798,4
2,799,4
2,800,4
2,801,4
2,802,4
2,803,4
2,804,4
2,805,4
2,806,4
2,807,4
2,808,4
2,809,4
2,810,4
2,811,4
2,812,4
2,813,4
2,814,4
2,815,4
2,816,4
2,817,4
2,818,4
2,819,4
2,819,7
2,820,4
2,821,4
2,822,4
2,823,4
2,824,4
2,825,4
2,826,4
2,827,4
2,828,4
2,829,4
2,830,4
2,831,4
2,832,4
2,833,4
2,833,11
2,834,4
2,835,4
2,836,4
3,836,5
2,837,4
2,838,4
2,839,4
2,840,4
2,841,4
2,842,4
2,843,4
2,844,4
2,845,4
2,846,4
2,847,4
4,847,6
2,848,4
2,849,4
2,850,4
2,851,4
2,852,4
2,853,4
2,854,4
3,854,5
2,855,4
2,856,4
2,857,4
2,858,4
2,859,4
2,860,4
2,861,4
2,862,4
2,863,4
2,863,11
2,864,4
2,865,4
2,866,4
2,867,4
2,868,4
2,868,11
2,869,4
2,870,4
2,871,4
2,872,4
2,873,4
2,873,11
2,874,4
2,875,4
2,876,4
2,877,4
2,878,4
2,879,4
2,880,4
2,881,4
2,881,11
2,882,4
2,883,4
2,884,4
2,885,4
2,886,4
2,887,4
2,888,4
2,888,11
2,889,4
2,890,4
2,891,4
2,892,4
2,893,4
2,894,4
2,895,4
2,896,4
2,897,4
2,898,4
2,899,4
7,899,5
2,900,4
2,901,4
3,901,5
2,902,4
2,903,4
2,904,4
2,905,4
2,906,4
2,907,4
2,908,4
2,908,11
2,909,4
2,910,4
2,911,4
2,911,11
2,912,4
2,913,4
2,914,4
2,914,7
2,915,4
2,916,4
2,917,4
2,918,4
2,918,11
2,919,4
2,920,4
2,921,4
2,922,4
2,922,7
2,923,4
2,924,4
2,925,4
2,926,4
2,927,4
2,928,4
2,929,4
2,930,4
2,931,4
2,932,4
2,933,4
2,933,11
2,934,4
2,935,4
2,936,4
2,937,4
2,938,4
2,939,4
2,940,4
2,941,4
2,942,4
2,943,4
2,944,4
2,945,4
2,946,4
2,947,4
2,948,4
2,949,4
2,950,4
2,951,4
2,952,4
2,953,4
2,953,11
2,954,4
2,955,4
2,956,4
2,957,4
2,958,4
2,959,4
2,960,4
2,961,4
2,962,4
2,962,11
2,963,4
2,964,4
7,964,12
2,965,4
2,966,4
2,967,4
2,968,4
2,968,11
2,969,4
2,970,4
2,971,4
2,972,4
2,973,4
2,974,4
2,975,4
2,976,4
2,977,4
2,978,4
7,979,11
7,980,9
7,981,2
7,982,9
7,983,9
7,984,5
7,985,14
7,986,5
7,987,12
7,987,13
7,987,14
7,988,2
7,988,11
7,988,12
7,988,13
7,989,2
7,990,2
7,991,5
7,992,1
7,992,5
7,993,11
7,994,1
7,995,5
7,996,9
7,996,13
7,997,2
7,998,11
7,999,11
7,1000,10
7,1001,10
7,1002,2
7,1002,9
7,1003,5
7,1003,12
7,1004,5
7,1005,5
7,1006,2
7,1007,11
7,1007,12
7,1007,14
7,1008,2
7,1008,12
6,1009,8
7,1010,12
7,1011,5
7,1012,13
7,1013,14
7,1014,15
7,1015,1
7,1016,11
7,1017,1
7,1018,5
7,1018,11
7,1018,14
7,1019,5
7,1019,9
7,1020,2
7,1021,9
7,1022,9
7,1022,12
7,1023,12
7,1024,9
7,1025,12
7,1026,12
7,1026,13
7,1027,1
7,1028,2
7,1029,13
7,1030,1
7,1030,5
7,1031,5
7,1032,1
7,1033,2
7,1034,1
2,1035,4
7,1035,11
7,1036,5
7,1037,1
7,1038,10
7,1039,5
7,1039,14
7,1040,2
7,1041,12
7,1041,14
7,1041,15
7,1042,5
7,1043,14
7,1044,13
7,1044,14
1,1045,3
7,1046,10
7,1047,12
7,1047,14
7,1048,11
7,1049,12
7,1050,11
7,1050,15
7,1051,1
7,1052,9
7,1053,12
7,1053,15
7,1054,12
7,1054,13
7,1054,15
7,1055,12
7,1056,11
7,1057,5
7,1058,9
7,1058,11
7,1059,5
7,1059,10
6,1060,8
7,1061,12
7,1061,14
7,1062,11
7,1063,5
7,1063,12
7,1064,10
7,1064,13
7,1065,1
7,1065,12
7,1066,5
7,1066,13
7,1066,15
7,1067,10
7,1068,11
7,1069,12
7,1070,12
7,1071,13
7,1072,14
7,1073,12
7,1074,2
7,1074,5
7,1075,12
7,1076,5
7,1077,9
7,1077,12
7,1077,15
7,1078,14
7,1079,5
7,1080,10
7,1081,9
7,1081,10
7,1081,12
7,1082,2
7,1083,1
1,1083,3
7,1084,10
7,1085,1
7,1086,2
7,1087,2
7,1088,15
7,1089,12
7,1090,9
7,1090,11
7,1091,1
7,1092,11
7,1093,12
7,1094,5
7,1094,14
7,1095,14
7,1096,9
7,1097,2
7,1098,9
7,1099,10
7,1099,12
7,1100,5
7,1101,2
7,1102,1
7,1103,12
7,1104,9
7,1105,1
7,1106,13
7,1107,1
7,1107,11
7,1107,14
7,1108,13
7,1109,10
7,1110,9
7,1110,11
7,1110,15
7,1111,2
7,1111,10
7,1111,11
7,1112,1
7,1112,2
7,1113,2
7,1113,9
7,1113,12
7,1114,9
7,1114,11
7,1114,14
7,1115,1
7,1116,12
7,1117,12
7,1118,9
7,1118,14
7,1119,13
7,1119,15
7,1120,1
7,1120,5
7,1121,5
7,1122,11
7,1123,1
7,1123,11
7,1124,5
7,1124,9
7,1125,14
7,1125,15
7,1126,9
7,1127,9
7,1128,10
7,1129,14
7,1130,2
7,1131,5
7,1131,14
7,1132,5
7,1133,12
7,1133,14
7,1133,15
4,1134,8
7,1135,5
7,1136,2
7,1137,2
7,1138,13
7,1138,14
7,1139,10
7,1140,2
7,1141,5
7,1141,12
7,1142,2
7,1143,2
7,1143,10
7,1144,1
7,1144,12
7,1145,12
7,1145,13
7,1146,2
7,1146,11
7,1147,5
7,1148,11
7,1148,12
7,1149,1
7,1149,2
7,1149,9
7,1149,10
7,1150,2
7,1150,10
7,1151,9
7,1152,5
7,1152,10
7,1153,12
7,1153,13
7,1153,14
7,1153,15
7,1154,12
1,1155,3
7,1156,11
7,1156,13
7,1157,12
7,1158,5
7,1159,5
7,1160,2
7,1160,5
7,1161,1
7,1162,5
7,1163,5
7,1164,5
7,1165,5
7,1166,11
7,1167,5
7,1168,12
7,1169,1
7,1169,2
7,1170,10
7,1170,12
7,1171,13
1,1172,3
7,1173,5
7,1174,1
7,1175,5
7,1175,10
7,1175,12
7,1176,12
7,1176,14
7,1177,14
7,1178,9
7,1179,2
7,1179,14
2,1180,4
7,1181,15
7,1182,2
7,1182,10
7,1182,11
7,1182,12
7,1183,5
7,1183,11
7,1184,2
7,1185,14
7,1186,2
1,1187,3
7,1188,10
7,1189,2
7,1189,11
7,1190,1
7,1191,9
7,1192,2
7,1192,15
2,1193,11
7,1194,11
7,1195,1
7,1195,11
7,1196,11
7,1197,10
7,1197,12
7,1198,5
7,1199,9
7,1200,1
7,1200,2
7,1201,11
7,1202,11
7,1203,14
7,1204,1
7,1205,5
7,1206,5
7,1207,5
7,1207,13
7,1208,10
7,1208,11
7,1209,2
7,1210,11
7,1211,2
7,1211,11
7,1212,5
7,1213,1
7,1213,2
7,1213,9
7,1214,2
7,1215,2
7,1216,9
7,1217,13
7,1217,14
7,1218,5
7,1218,11
7,1219,14
7,1220,9
7,1221,2
7,1221,14
7,1222,11
7,1223,2
7,1224,2
7,1225,12
7,1226,2
7,1226,11
7,1226,12
7,1226,14
7,1227,11
7,1228,9
7,1229,10
7,1230,12
7,1231,5
7,1232,1
7,1233,1
7,1233,5
7,1233,14
7,1234,12
7,1235,5
7,1235,10
7,1235,12
6,1236,11
7,1237,2
7,1238,1
7,1238,12
7,1239,2
7,1240,12
7,1241,12
5,1242,7
7,1243,5
7,1244,9
7,1244,13
7,1245,14
7,1246,13
7,1247,12
7,1248,1
7,1249,14
7,1250,13
7,1251,5
7,1252,2
7,1253,9
7,1254,2
7,1255,5
7,1255,9
7,1256,11
3,1257,5
7,1258,5
7,1258,14
7,1259,1
7,1259,13
7,1260,11
7,1260,15
2,1261,7
7,1262,11
7,1262,15
7,1263,11
2,1264,4
7,1265,12
7,1266,11
7,1266,12
7,1266,13
7,1267,2
7,1268,2
7,1269,5
7,1269,10
7,1270,2
7,1271,2
1,1272,3
7,1273,1
7,1273,9
7,1274,1
7,1275,13
7,1276,9
7,1277,12
7,1277,13
7,1278,14
7,1279,1
7,1279,13
2,1280,4
7,1281,5
7,1282,2
7,1282,12
7,1283,2
7,1284,2
7,1285,9
7,1285,11
7,1286,1
7,1287,11
7,1288,2
7,1289,1
7,1290,11
7,1291,13
7,1292,15
7,1293,2
7,1294,1
7,1294,2
7,1295,11
7,1296,10
7,1296,11
7,1297,5
7,1298,2
7,1299,12
1,1300,3
7,1301,1
7,1301,14
7,1302,1
7,1302,9
7,1303,1
7,1304,2
7,1305,1
7,1305,2
7,1305,9
7,1306,1
7,1306,2
7,1307,9
7,1307,11
7,1308,11
2,1309,11
7,1310,2
7,1311,1
7,1312,9
7,1312,11
7,1313,5
7,1314,1
7,1315,10
7,1316,5
7,1317,1
2,1318,4
7,1319,13
1,1320,3
7,1321,10
7,1322,11
7,1323,9
7,1323,15
7,1324,9
5,1325,7
7,1326,1
7,1327,9
7,1328,1
7,1328,2
7,1329,1
7,1330,5
7,1331,1
7,1331,9
7,1332,2
7,1333,9
7,1334,13
7,1334,14
7,1334,15
7,1335,5
7,1336,2
7,1337,2
7,1338,2
7,1339,1
7,1340,5
7,1341,2
7,1342,14
7,1343,1
7,1344,14
2,1345,11
7,1346,9
7,1347,12
7,1348,1
7,1348,12
7,1349,10
7,1349,12
7,1350,2
2,1351,4
7,1352,2
7,1352,9
7,1353,1
7,1353,5
7,1353,9
7,1353,11
7,1354,2
7,1354,5
7,1354,12
7,1355,2
7,1356,10
1,1357,3
7,1358,2
7,1359,13
7,1360,9
7,1361,13
7,1362,14
7,1363,2
7,1364,1
7,1364,2
7,1365,1
7,1365,10
7,1365,11
7,1366,1
7,1366,2
7,1366,9
7,1367,13
7,1368,2
7,1369,9
7,1370,13
7,1370,14
7,1371,5
7,1372,13
7,1373,14
7,1374,9
7,1375,2
7,1376,1
7,1376,5
7,1377,12
7,1378,2
7,1378,15
7,1379,10
7,1380,5
7,1381,1
7,1382,1
7,1383,2
7,1383,9
1,1384,3
7,1385,13
7,1386,5
7,1387,2
7,1388,14
7,1389,2
7,1389,11
7,1390,1
7,1390,13
7,1390,15
3,1391,6
7,1392,1
7,1392,5
7,1393,9
7,1394,11
5,1395,2
7,1396,2
7,1397,1
7,1397,12
1,1398,3
7,1399,2
7,1400,2
7,1401,1
7,1401,5
7,1402,10
7,1403,11
7,1404,2
7,1404,11
7,1405,5
7,1406,10
7,1406,14
7,1407,12
7,1408,1
7,1408,10
7,1409,9
7,1410,12
7,1410,15
7,1411,2
7,1411,5
7,1411,11
7,1411,13
7,1412,1
7,1412,9
7,1413,11
1,1414,3
7,1415,10
7,1416,9
7,1416,10
7,1416,14
2,1417,4
7,1418,2
7,1419,11
7,1419,14
7,1420,11
7,1421,14
7,1422,5
2,1423,4
7,1424,10
7,1425,2
5,1425,7
7,1426,5
1,1427,3
7,1428,1
7,1428,2
7,1429,9
7,1429,13
7,1430,1
7,1431,11
7,1432,1
7,1433,2
7,1434,12
7,1435,5
7,1436,12
7,1436,14
7,1437,1
7,1438,15
7,1439,5
7,1440,2
7,1441,12
7,1442,2
6,1443,9
2,1444,4
6,1445,11
7,1446,1
7,1447,9
5,1448,7
5,1449,2
7,1450,10
7,1451,2
7,1452,1
7,1453,2
7,1453,5
7,1453,11
7,1453,14
7,1454,2
7,1455,9
7,1455,11
7,1456,11
7,1457,12
7,1457,14
7,1458,9
7,1459,1
7,1459,2
7,1460,12
7,1460,13
7,1461,2
1,1462,3
7,1463,5
7,1464,5
7,1464,12
7,1465,15
7,1466,2
6,1467,11
1,1468,3
7,1469,5
7,1469,11
7,1470,2
7,1470,5
7,1471,14
7,1472,9
7,1473,1
7,1473,2
7,1473,5
7,1473,11
7,1474,10
7,1475,9
7,1475,12
7,1475,13
7,1476,1
7,1477,1
7,1477,2
7,1477,11
7,1478,14
7,1478,15
7,1479,5
7,1479,12
7,1479,13
7,1479,14
2,1480,4
7,1481,5
7,1481,15
7,1482,10
7,1483,5
7,1484,11
7,1485,1
7,1485,12
7,1486,5
7,1487,2
7,1487,5
7,1488,5
7,1488,11
7,1489,12
7,1490,9
7,1491,5
7,1491,11
7,1492,12
7,1493,9
7,1493,10
7,1494,14
7,1495,1
7,1495,9
7,1496,11
7,1497,9
7,1498,5
7,1498,13
7,1499,1
7,1500,5
7,1500,10
7,1500,13
1,1501,3
7,1502,13
7,1503,14
7,1504,15
7,1505,12
7,1506,2
7,1506,15
7,1507,11
7,1508,11
7,1509,13
7,1510,11
7,1510,12
7,1511,11
7,1511,13
7,1512,12
7,1513,5
7,1513,11
7,1513,13
7,1514,5
7,1515,2
7,1515,9
7,1516,9
7,1516,10
7,1516,11
7,1517,13
7,1518,2
7,1519,9
7,1520,11
7,1521,2
7,1522,1
7,1522,9
7,1523,11
7,1524,12
7,1524,14
7,1525,12
7,1526,10
7,1527,2
7,1527,5
7,1527,10
7,1528,9
7,1529,11
7,1530,1
7,1531,13
7,1532,9
7,1533,13
7,1533,14
7,1534,12
7,1534,14
1,1535,3
7,1536,9
7,1537,1
7,1537,13
7,1538,5
7,1539,1
7,1539,13
7,1540,1
7,1540,11
7,1541,14
7,1542,10
7,1542,13
7,1543,11
7,1544,2
7,1544,5
7,1545,2
7,1546,9
7,1546,13
7,1547,5
7,1547,10
7,1547,11
7,1547,15
7,1548,15
7,1549,5
7,1550,15
7,1551,1
6,1552,9
7,1553,5
7,1553,10
7,1554,13
7,1555,2
7,1555,11
7,1555,13
7,1556,11
7,1556,13
7,1557,10
7,1557,12
7,1558,5
7,1558,13
7,1559,1
7,1559,11
7,1560,11
7,1561,13
7,1562,2
7,1563,5
7,1564,1
7,1564,11
7,1564,14
7,1565,11
7,1566,15
7,1567,5
7,1567,10
7,1568,12
7,1569,10
7,1570,1
7,1571,2
7,1571,11
7,1572,5
7,1572,9
7,1573,11
2,1574,4
7,1575,12
7,1576,12
7,1576,14
7,1577,15
7,1578,13
7,1579,10
7,1580,1
7,1580,5
7,1581,11
7,1581,12
7,1582,9
7,1582,12
7,1583,5
7,1583,12
7,1584,1
7,1585,11
7,1586,15
7,1587,13
7,1588,1
7,1589,1
7,1589,11
7,1589,13
7,1589,14
7,1590,10
7,1591,11
7,1592,15
7,1593,13
7,1594,5
7,1595,10
7,1595,11
7,1596,11
7,1596,12
7,1597,15
7,1598,14
7,1599,2
7,1599,9
7,1600,14
7,1601,2
7,1602,2
7,1603,10
7,1603,14
7,1604,14
7,1605,5
7,1606,14
7,1607,2
7,1607,5
7,1608,11
7,1608,15
7,1609,10
7,1609,12
7,1610,2
7,1611,2
7,1611,14
7,1612,1
7,1613,9
7,1614,11
7,1614,15
7,1615,11
7,1615,12
7,1616,13
7,1617,12
7,1617,14
7,1618,2
7,1618,11
7,1619,5
7,1620,5
7,1620,12
7,1620,14
7,1621,15
7,1622,10
7,1623,15
7,1624,2
7,1624,9
7,1624,13
7,1624,15
7,1625,5
7,1625,15
7,1626,1
7,1627,1
7,1628,1
7,1629,1
7,1630,1
7,1631,1
7,1632,1
7,1632,5
7,1633,1
7,1634,1
7,1634,9
7,1635,1
7,1635,2
7,1636,1
7,1637,1
6,1637,9
7,1638,1
7,1639,1
7,1640,1
7,1641,1
7,1642,1
7,1643,1
7,1644,1
7,1644,5
7,1645,1
7,1645,11
7,1645,12
7,1646,1
7,1647,1
7,1648,1
7,1649,1
7,1650,1
7,1651,1
7,1652,1
7,1653,1
7,1654,1
7,1655,1
7,1656,1
7,1657,1
2,1657,11
7,1658,1
7,1659,1
7,1660,1
7,1661,1
7,1662,1
7,1663,1
7,1663,5
7,1664,1
7,1665,1
7,1666,1
7,1667,1
7,1668,1
7,1669,1
7,1670,1
7,1671,1
7,1672,1
7,1672,2
7,1673,1
7,1674,1
7,1675,1
7,1676,1
7,1676,2
7,1677,1
7,1677,9
7,1678,1
7,1679,1
7,1680,1
7,1681,1
7,1681,2
7,1682,1
7,1683,1
7,1684,1
7,1685,1
7,1686,1
7,1687,1
7,1688,1
7,1689,1
7,1690,1
7,1691,1
7,1692,1
7,1693,1
7,1694,1
7,1695,1
7,1695,11
7,1696,1
7,1697,1
7,1698,1
7,1698,5
7,1699,1
7,1699,9
7,1700,1
7,1700,5
7,1700,9
7,1700,11
7,1701,1
7,1702,1
3,1702,6
7,1703,1
7,1704,1
7,1705,1
7,1706,1
7,1707,1
7,1708,1
2,1708,4
7,1709,1
7,1710,1
7,1711,1
7,1712,1
7,1713,1
7,1714,1
3,1714,5
7,1715,1
7,1716,1
7,1717,1
7,1718,1
7,1719,1
2,1719,11
7,1720,1
7,1720,13
7,1721,1
7,1722,1
7,1722,9
7,1723,1
7,1724,1
7,1725,1
7,1725,9
7,1726,1
7,1727,1
7,1728,1
7,1729,1
7,1730,1
7,1731,1
7,1732,1
7,1732,5
7,1733,1
7,1734,1
7,1734,2
7,1735,1
7,1735,5
7,1736,1
7,1737,1
7,1738,1
7,1738,2
7,1739,1
7,1740,1
7,1741,1
7,1742,1
7,1743,1
7,1744,1
7,1745,1
7,1746,1
7,1746,12
7,1747,1
7,1748,1
1,1748,3
7,1748,5
7,1749,1
7,1750,1
7,1751,1
7,1751,15
7,1752,1
7,1753,1
7,1754,1
7,1755,1
7,1755,2
7,1755,13
7,1756,1
7,1757,1
7,1758,1
7,1759,1
5,1759,2
7,1760,1
7,1760,2
7,1761,1
7,1762,1
7,1763,1
7,1764,1
7,1765,1
7,1766,1
7,1766,2
7,1767,1
7,1768,1
7,1769,1
7,1770,1
6,1770,8
7,1771,1
7,1772,1
7,1773,1
7,1774,1
7,1775,1
7,1776,1
4,1776,6
7,1777,1
7,1778,1
7,1779,1
7,1780,1
7,1781,1
7,1782,1
7,1783,1
7,1784,1
7,1784,2
7,1784,11
7,1785,1
7,1786,1
7,1787,1
7,1788,1
7,1789,1
7,1790,1
7,1791,1
7,1792,1
7,1793,1
7,1794,1
7,1795,1
7,1795,2
7,1796,1
7,1797,1
7,1797,12
7,1798,1
7,1799,1
7,1800,1
7,1801,1
7,1802,1
7,1803,1
7,1804,1
7,1805,1
7,1806,1
7,1807,1
7,1808,1
7,1809,1
7,1810,1
7,1811,1
6,1811,9
7,1812,1
7,1813,1
7,1814,1
7,1815,1
7,1816,1
7,1817,1
7,1818,1
7,1818,2
7,1818,10
7,1819,1
7,1820,1
7,1820,5
7,1820,9
7,1820,11
7,1821,1
7,1821,2
7,1822,1
7,1822,5
7,1823,1
7,1824,1
7,1824,5
7,1824,11
7,1825,1
2,1825,4
7,1825,5
7,1826,1
3,1826,5
7,1827,1
7,1828,1
7,1829,1
7,1830,1
7,1831,1
3,1831,5
7,1832,1
7,1833,1
7,1833,11
7,1834,1
7,1835,1
7,1836,1
3,1836,6
7,1837,1
7,1837,9
7,1838,1
7,1838,9
7,1839,1
7,1840,1
7,1841,1
3,1841,6
7,1842,1
7,1843,1
3,1843,5
7,1844,1
2,1844,4
7,1845,1
2,1845,4
7,1846,1
7,1847,1
7,1848,1
7,1849,1
7,1850,1
7,1850,2
2,1850,4
7,1851,1
7,1852,1
7,1853,1
7,1854,1
7,1855,1
7,1855,10
7,1855,11
7,1856,1
7,1857,1
7,1858,1
7,1859,1
7,1860,1
7,1861,1
7,1862,1
1,1862,3
3,1862,6
7,1863,1
7,1863,13
7,1864,1
7,1865,1
7,1866,1
7,1866,5
7,1867,1
7,1868,1
7,1869,1
7,1870,1
7,1871,1
7,1872,1
7,1872,5
7,1873,1
7,1874,1
7,1875,1
7,1876,1
7,1876,5
7,1876,9
7,1877,1
7,1878,1
7,1879,1
7,1880,1
7,1881,1
7,1882,1
7,1883,1
7,1884,1
7,1885,1
7,1886,1
7,1887,1
7,1888,1
7,1889,1
7,1890,1
7,1891,1
7,1891,13
7,1891,15
7,1892,1
7,1893,1
7,1894,1
7,1895,1
7,1896,1
7,1897,1
7,1898,1
7,1899,1
7,1900,1
7,1901,1
7,1902,1
7,1903,1
7,1904,1
7,1905,1
7,1906,1
7,1906,5
7,1907,1
3,1907,6
7,1908,1
7,1909,1
7,1910,1
7,1911,1
7,1912,1
7,1913,1
7,1914,1
3,1914,5
7,1915,1
7,1916,1
7,1917,1
7,1918,1
7,1919,1
7,1920,1
7,1921,1
7,1922,1
7,1923,1
7,1924,1
7,1925,1
1,1925,3
7,1926,1
7,1926,2
7,1927,1
7,1928,1
7,1929,1
7,1930,1
7,1930,10
7,1930,11
7,1930,12
7,1931,1
7,1932,1
7,1933,1
2,1933,4
7,1934,1
7,1935,1
7,1936,1
7,1936,5
7,1937,1
7,1937,2
7,1938,1
7,1938,11
7,1939,1
7,1940,1
7,1941,1
7,1942,1
7,1943,1
7,1943,12
7,1943,13
7,1944,1
7,1945,1
7,1946,1
7,1947,1
7,1948,1
6,1948,8
7,1949,1
7,1949,2
7,1950,1
7,1950,5
7,1951,1
7,1952,1
7,1953,1
7,1954,1
7,1955,1
7,1956,1
7,1957,1
7,1958,1
7,1959,1
7,1960,1
7,1960,5
7,1961,1
1,1961,3
7,1962,1
7,1963,1
4,1963,6
7,1964,1
7,1965,1
7,1966,1
7,1967,1
7,1968,1
7,1968,5
7,1968,13
7,1969,1
7,1970,1
7,1971,1
7,1972,1
7,1973,1
7,1974,1
7,1974,5
7,1975,1
7,1976,1
7,1977,1
7,1978,1
7,1978,5
7,1979,1
7,1980,1
7,1981,1
7,1981,11
7,1982,1
7,1983,1
7,1984,1
7,1984,11
7,1985,1
7,1986,1
7,1987,1
7,1988,1
7,1989,1
7,1990,1
7,1991,1
7,1992,1
7,1992,12
7,1993,1
7,1994,1
7,1995,1
7,1996,1
2,1996,11
7,1997,1
7,1998,1
7,1999,1
6,1999,9
7,2000,1
7,2001,1
7,2002,1
7,2003,1
7,2004,1
7,2005,1
7,2005,12
7,2005,15
7,2006,1
7,2007,1
7,2007,5
7,2007,9
7,2007,13
7,2008,1
7,2008,5
7,2009,1
3,2009,6
7,2010,1
7,2011,1
7,2012,1
7,2013,1
7,2014,1
7,2014,9
7,2015,1
7,2016,1
7,2017,1
7,2018,1
7,2018,2
7,2019,1
7,2020,1
7,2021,1
2,2021,4
7,2022,1
7,2022,5
7,2022,9
7,2023,1
7,2024,1
7,2025,1
7,2026,1
7,2027,1
7,2028,1
7,2028,9
7,2029,1
7,2030,1
7,2031,1
7,2032,1
3,2032,5
7,2033,1
7,2034,1
7,2035,1
7,2036,1
7,2037,1
7,2038,1
7,2039,1
7,2039,9
7,2040,1
7,2041,1
7,2041,9
7,2042,1
7,2043,1
7,2044,1
7,2045,1
7,2046,1
7,2047,1
7,2047,2
7,2048,1
7,2049,1
7,2050,1
7,2051,1
2,2051,4
7,2052,1
7,2053,1
7,2054,1
7,2055,1
7,2056,1
7,2057,1
7,2058,1
7,2059,1
7,2060,1
7,2060,11
7,2061,1
7,2061,9
7,2062,1
7,2063,1
7,2064,1
7,2065,1
7,2066,1
3,2066,5
7,2067,1
7,2068,1
7,2069,1
7,2070,1
7,2071,1
7,2072,1
3,2072,5
7,2073,1
7,2074,1
7,2075,1
7,2075,9
7,2076,1
7,2077,1
7,2077,5
7,2078,1
7,2079,1
7,2080,1
7,2081,1
7,2082,1
7,2083,1
7,2084,1
7,2085,1
7,2086,1
7,2087,1
7,2088,1
7,2089,1
7,2090,1
7,2091,1
7,2092,1
7,2093,1
7,2094,1
7,2095,1
7,2096,1
7,2097,1
7,2097,9
7,2098,1
7,2098,11
7,2099,1
7,2100,1
7,2101,1
7,2102,1
7,2103,1
7,2104,1
4,2104,6
7,2105,1
2,2105,11
7,2106,1
7,2107,1
7,2107,5
7,2108,1
7,2109,1
7,2109,2
7,2109,10
7,2110,1
7,2111,1
7,2111,2
7,2112,1
7,2112,2
7,2112,5
7,2113,1
7,2114,1
7,2115,1
7,2116,1
7,2117,1
7,2118,1
7,2119,1
7,2120,1
7,2121,1
7,2122,1
7,2123,2
7,2124,2
7,2125,2
7,2126,1
7,2126,9
7,2127,1
7,2128,1
7,2129,1
7,2130,1
7,2131,1
7,2132,1
7,2133,1
7,2134,1
7,2135,1
7,2136,1
1,2136,3
7,2137,1
7,2138,1
7,2139,1
7,2140,1
7,2141,1
7,2142,1
7,2142,2
7,2142,9
7,2143,1
7,2144,1
7,2144,10
7,2145,1
7,2146,1
4,2146,6
7,2147,1
7,2147,9
7,2148,1
7,2149,1
7,2150,1
7,2151,1
7,2152,1
7,2153,1
7,2154,1
7,2154,2
3,2154,5
7,2154,5
7,2155,1
7,2156,1
7,2157,1
7,2158,1
7,2159,1
7,2160,1
7,2161,1
3,2161,5
7,2161,5
7,2162,1
7,2163,1
7,2164,1
7,2165,1
7,2166,1
7,2167,2
7,2168,2
7,2169,2
7,2170,2
7,2171,2
7,2172,2
7,2172,9
7,2173,2
7,2174,2
7,2175,2
7,2176,2
7,2177,2
7,2178,2
7,2179,2
7,2180,2
7,2181,2
7,2182,2
7,2183,2
7,2184,2
7,2185,2
7,2186,2
7,2186,15
7,2187,2
7,2188,2
7,2188,10
7,2189,2
7,2190,2
7,2191,2
7,2192,2
7,2193,2
7,2194,2
7,2195,2
7,2196,2
7,2197,2
7,2198,2
7,2199,2
7,2200,2
7,2200,5
7,2201,2
7,2202,2
5,2203,2
7,2203,2
7,2204,2
7,2205,2
7,2206,2
7,2207,2
7,2208,2
7,2209,2
7,2210,2
7,2211,2
7,2212,2
7,2213,2
7,2213,10
7,2214,2
7,2215,2
7,2216,2
7,2217,2
7,2218,2
7,2218,12
7,2219,2
7,2220,2
7,2221,2
7,2222,2
7,2223,2
7,2224,2
7,2225,2
7,2225,11
7,2226,2
7,2227,2
7,2228,2
7,2229,2
7,2230,2
7,2231,2
7,2232,2
7,2233,2
7,2234,2
7,2234,9
7,2235,2
7,2236,2
7,2237,2
7,2238,2
7,2239,2
7,2240,2
7,2241,2
7,2242,2
7,2243,2
7,2244,2
7,2245,2
7,2246,2
7,2247,2
7,2248,2
7,2249,2
7,2250,2
7,2251,2
7,2251,10
7,2252,2
7,2253,2
7,2254,2
7,2255,2
7,2256,2
7,2257,2
7,2257,9
7,2258,2
7,2259,2
7,2260,2
7,2261,2
7,2262,2
7,2263,2
7,2264,2
7,2265,2
7,2266,2
7,2267,2
7,2268,2
7,2269,2
7,2270,2
7,2271,2
7,2272,2
7,2272,12
7,2273,2
7,2274,2
7,2275,2
7,2276,2
7,2276,14
7,2277,2
7,2278,2
7,2279,2
7,2280,2
3,2280,6
7,2281,2
7,2282,2
7,2283,2
7,2284,2
7,2285,2
7,2286,2
7,2287,2
7,2288,2
7,2288,12
7,2288,13
7,2289,2
7,2290,2
7,2291,2
7,2292,2
7,2293,2
7,2294,2
7,2294,9
7,2295,2
7,2296,2
7,2296,13
7,2296,14
7,2297,2
7,2298,2
7,2299,2
2,2299,4
7,2300,2
7,2300,9
7,2301,2
7,2302,2
7,2303,2
7,2304,2
7,2305,2
7,2305,11
7,2306,2
7,2306,5
7,2306,13
7,2307,2
7,2308,2
7,2309,2
7,2310,2
7,2311,2
7,2312,2
7,2313,2
7,2313,13
7,2314,2
7,2315,2
7,2316,2
7,2317,2
7,2318,2
7,2319,2
7,2320,2
7,2321,2
7,2322,2
7,2323,2
7,2324,2
7,2325,2
7,2325,5
7,2326,2
7,2327,2
7,2328,2
7,2329,2
7,2330,2
7,2331,2
7,2332,2
7,2333,2
7,2334,2
7,2335,2
7,2336,2
7,2337,2
7,2337,9
7,2337,11
7,2338,2
7,2339,2
7,2340,2
7,2341,2
7,2342,2
7,2342,9
7,2343,2
7,2344,2
7,2345,2
7,2346,2
7,2347,2
7,2347,5
7,2348,2
7,2349,2
7,2350,2
7,2351,2
7,2351,13
7,2352,2
7,2353,2
7,2354,2
7,2355,2
7,2356,2
7,2357,2
7,2358,2
7,2359,2
7,2360,2
7,2360,10
7,2361,2
7,2362,2
7,2363,2
7,2364,2
7,2365,2
3,2365,5
7,2366,2
7,2367,2
7,2368,2
7,2368,11
7,2369,2
7,2370,2
7,2371,2
7,2372,2
7,2372,9
7,2373,2
7,2374,2
7,2375,2
7,2375,14
7,2376,2
7,2377,2
7,2378,2
7,2378,12
7,2379,2
7,2380,2
7,2381,2
7,2382,2
7,2383,2
2,2383,4
7,2384,2
7,2384,5
7,2385,2
7,2386,2
7,2387,2
7,2388,2
7,2389,2
7,2390,2
7,2391,2
7,2392,2
7,2393,2
6,2393,8
7,2394,2
7,2395,2
7,2396,2
7,2396,11
7,2397,2
7,2398,2
7,2398,5
7,2399,2
7,2400,2
7,2401,2
7,2401,12
7,2402,2
7,2403,2
7,2404,2
7,2405,2
7,2405,10
7,2406,2
7,2407,2
7,2408,2
7,2408,9
7,2409,2
7,2410,2
7,2411,2
7,2412,2
7,2412,12
7,2413,2
7,2414,2
1,2414,3
7,2415,2
7,2416,2
7,2417,2
7,2417,11
7,2418,2
7,2419,2
7,2419,10
7,2419,11
7,2420,2
7,2421,2
7,2422,2
7,2423,2
7,2423,12
7,2424,2
3,2424,6
7,2425,2
7,2426,2
7,2427,2
7,2427,5
7,2427,12
7,2428,2
7,2429,2
7,2430,2
7,2431,2
7,2431,11
7,2431,12
7,2432,2
7,2433,2
7,2434,2
7,2435,2
7,2436,2
7,2437,2
7,2438,2
7,2439,2
2,2439,11
7,2440,2
7,2441,2
7,2441,10
7,2442,2
1,2443,3
1,2444,3
1,2445,3
1,2446,3
1,2447,3
1,2448,3
2,2448,7
1,2449,3
1,2450,3
1,2451,3
1,2452,3
1,2453,3
1,2454,3
2,2454,4
4,2454,6
1,2455,3
1,2456,3
1,2457,3
1,2458,3
1,2459,3
1,2460,3
1,2461,3
1,2462,3
1,2463,3
1,2464,3
1,2465,3
1,2466,3
1,2467,3
1,2468,3
1,2469,3
1,2470,3
1,2471,3
1,2472,3
1,2473,3
1,2474,3
1,2475,3
1,2476,3
1,2477,3
1,2478,3
1,2479,3
1,2480,3
1,2481,3
1,2482,3
1,2483,3
1,2484,3
7,2484,11
1,2485,3
1,2486,3
1,2487,3
1,2488,3
1,2489,3
1,2490,3
1,2491,3
1,2492,3
1,2493,3
1,2494,3
1,2495,3
1,2496,3
1,2497,3
1,2498,3
1,2499,3
1,2500,3
1,2501,3
1,2502,3
1,2503,3
1,2504,3
1,2505,3
1,2506,3
1,2507,3
1,2508,3
1,2509,3
1,2510,3
1,2511,3
1,2512,3
1,2513,3
1,2514,3
1,2515,3
1,2516,3
1,2517,3
1,2518,3
1,2519,3
1,2520,3
1,2521,3
1,2522,3
1,2523,3
1,2524,3
3,2524,5
7,2525,2
7,2525,14
7,2526,2
7,2527,2
7,2528,2
7,2529,2
7,2529,5
7,2530,2
7,2531,2
7,2532,2
7,2532,12
7,2533,2
7,2534,2
7,2535,2
7,2536,2
7,2537,2
7,2538,2
7,2538,13
7,2539,2
1,2540,3
2,2540,4
1,2541,3
1,2542,3
1,2543,3
1,2544,3
1,2545,3
1,2546,3
1,2547,3
1,2548,3
1,2549,3
1,2550,3
1,2551,3
1,2552,3
1,2553,3
1,2554,3
1,2555,3
1,2556,3
1,2557,3
1,2558,3
1,2559,3
1,2560,3
1,2561,3
1,2562,3
1,2563,3
1,2564,3
1,2565,3
1,2566,3
1,2567,3
1,2568,3
1,2569,3
1,2570,3
1,2571,3
1,2572,3
1,2573,3
1,2574,3
1,2575,3
1,2576,3
7,2576,5
1,2577,3
1,2578,3
1,2579,3
1,2580,3
1,2581,3
1,2582,3
1,2583,3
1,2584,3
1,2585,3
1,2586,3
1,2587,3
1,2588,3
1,2589,3
1,2590,3
1,2591,3
1,2592,3
1,2593,3
1,2594,3
1,2595,3
1,2596,3
1,2597,3
1,2598,3
1,2599,3
7,2599,5
1,2600,3
1,2601,3
1,2602,3
1,2603,3
1,2604,3
2,2604,4
2,2604,11
1,2605,3
1,2606,3
1,2607,3
1,2608,3
1,2609,3
1,2610,3
1,2611,3
1,2612,3
1,2613,3
1,2614,3
6,2614,8
1,2615,3
1,2616,3
3,2616,5
1,2617,3
1,2618,3
2,2618,4
1,2619,3
1,2620,3
1,2621,3
1,2622,3
1,2623,3
1,2624,3
6,2625,8
6,2626,8
6,2627,8
6,2628,8
6,2629,8
6,2630,8
6,2630,9
6,2631,8
7,2631,10
6,2632,8
6,2633,8
6,2633,11
6,2634,8
6,2635,8
6,2635,11
6,2636,8
6,2637,8
6,2638,8
6,2639,8
6,2640,8
6,2641,8
6,2642,8
6,2643,8
6,2644,8
6,2645,8
6,2646,8
6,2647,8
6,2648,8
6,2649,8
6,2650,8
6,2651,8
6,2652,8
6,2653,8
6,2654,8
6,2655,8
7,2656,9
7,2657,9
7,2658,9
7,2659,9
7,2660,9
7,2661,9
7,2662,9
7,2663,9
7,2664,9
7,2664,11
7,2665,9
7,2666,9
7,2667,9
7,2667,11
7,2668,9
7,2669,9
7,2670,9
7,2671,9
7,2672,9
7,2673,9
7,2674,9
7,2675,9
7,2675,12
7,2676,9
7,2676,11
7,2677,9
7,2678,9
7,2679,9
7,2680,10
7,2681,10
7,2682,10
7,2683,10
7,2684,10
7,2684,12
7,2685,10
7,2686,10
7,2687,10
7,2688,10
7,2689,10
7,2689,11
7,2689,14
7,2690,10
7,2691,10
7,2692,10
7,2693,10
7,2694,10
7,2695,10
7,2696,10
7,2697,10
7,2698,10
7,2699,10
7,2700,10
7,2701,10
7,2702,10
7,2703,10
7,2704,10
7,2705,10
7,2706,10
7,2707,10
7,2708,10
7,2709,10
7,2709,11
7,2710,10
7,2711,10
7,2712,10
7,2713,10
7,2714,10
7,2715,10
7,2716,10
7,2717,10
7,2718,10
7,2719,10
7,2720,10
7,2721,10
7,2722,10
7,2723,10
7,2724,10
7,2725,11
7,2726,11
7,2726,13
7,2727,11
7,2728,11
7,2728,14
7,2729,11
7,2730,11
7,2731,11
7,2731,13
7,2732,12
7,2733,12
7,2734,12
7,2735,12
7,2736,12
7,2737,12
7,2738,12
7,2739,12
7,2740,12
7,2741,12
7,2742,12
7,2743,12
7,2743,15
7,2744,12
7,2744,13
7,2745,12
7,2746,12
7,2747,12
7,2748,12
7,2749,12
7,2750,12
7,2751,12
7,2751,14
7,2751,15
7,2752,12
7,2753,12
7,2754,12
7,2755,12
7,2756,14
7,2757,14
7,2758,14
7,2759,14
6,2760,11
6,2761,11
6,2762,11
6,2763,11
6,2764,11
6,2765,11
6,2766,11
6,2767,11
6,2768,11
7,2768,14
6,2769,11
6,2770,11
6,2771,11
6,2772,11
6,2773,11
6,2774,11
6,2775,11
6,2776,11
6,2777,11
6,2778,11
6,2779,11
6,2780,11
6,2781,11
6,2782,11
6,2783,11
6,2784,11
6,2785,11
6,2786,11
6,2787,11
7,2787,12
6,2788,11
6,2789,11
6,2790,11
6,2791,11
6,2792,11
6,2793,11
6,2794,11
6,2795,11
6,2796,11
6,2797,11
6,2798,11
6,2799,11
6,2800,11
6,2801,11
6,2802,11
6,2803,11
6,2804,11
6,2805,11
6,2806,11
6,2807,11
6,2808,11
6,2809,11
6,2810,11
6,2811,11
6,2812,11
6,2813,11
6,2814,11
6,2815,11
6,2816,11
6,2817,11
6,2818,11
6,2819,11
6,2820,11
6,2821,11
6,2822,11
6,2823,11
6,2824,11
6,2825,11
6,2826,11
6,2827,11
6,2828,11
6,2829,11
6,2830,11
6,2831,11
6,2832,11
6,2833,11
6,2834,11
6,2835,11
6,2836,11
6,2837,11
6,2838,11
6,2839,11
6,2840,11
6,2841,11
7,2841,12
6,2842,11
6,2843,11
6,2844,11
6,2845,11
6,2846,11
6,2847,11
6,2848,11
6,2849,11
6,2850,11
6,2851,11
6,2852,11
6,2853,11
6,2854,11
6,2855,11
6,2856,11
6,2857,11
6,2858,11
6,2859,11
6,2860,11
7,2860,14
7,2861,12
7,2862,12
7,2863,12
7,2864,12
7,2865,12
7,2866,12
7,2867,12
7,2868,12
7,2869,12
7,2870,12
7,2871,12
7,2872,12
7,2873,12
7,2873,13
7,2874,12
7,2875,12
7,2876,12
7,2877,12
7,2878,13
7,2879,13
7,2880,13
7,2881,13
7,2882,13
7,2883,13
7,2884,13
7,2885,13
7,2886,13
7,2887,13
7,2888,13
7,2889,13
7,2890,13
7,2891,13
7,2892,13
7,2893,13
7,2894,13
7,2895,13
7,2896,13
7,2897,13
7,2898,13
7,2899,13
7,2900,13
7,2901,13
7,2902,13
7,2903,13
7,2904,13
7,2905,13
7,2906,13
7,2907,13
7,2908,13
7,2908,15
7,2909,13
7,2910,13
7,2911,13
7,2912,13
7,2913,13
7,2914,14
7,2915,14
7,2916,14
7,2917,14
7,2918,14
7,2919,14
7,2920,14
7,2921,14
7,2922,14
7,2923,14
7,2924,14
7,2925,14
7,2926,14
7,2927,14
7,2928,14
7,2929,14
7,2930,15
7,2931,15
7,2932,15
7,2933,15
7,2934,15
7,2935,15
7,2936,15
7,2937,15
7,2938,15
7,2939,15
7,2940,15
7,2941,15
7,2942,15
7,2943,15
7,2944,15
7,2945,15
7,2946,15
7,2947,15
7,2948,15
7,2949,15
7,2950,15
7,2951,15
7,2952,15
7,2953,15
7,2954,15
7,2955,15
7,2956,15
7,2957,15
7,2958,15
7,2959,15
7,2960,12
7,2961,12
7,2962,12
7,2963,12
7,2964,12
7,2965,12
7,2966,12
7,2967,12
7,2968,12
7,2969,12
7,2970,12
7,2971,12
7,2972,12
7,2973,12
7,2974,12
7,2975,12
7,2976,12
7,2977,12
7,2978,12
7,2979,12
7,2980,13
7,2981,13
7,2982,13
7,2983,13
7,2984,13
7,2985,13
7,2986,13
7,2987,13
7,2987,15
7,2988,13
7,2989,14
7,2990,14
7,2991,14
7,2992,14
7,2993,14
7,2994,14
7,2995,14
7,2996,14
7,2997,14
7,2998,14
7,2999,14
7,3000,14
7,3001,14
7,3002,14
7,3003,14
7,3004,14
7,3005,14
7,3006,14
7,3006,15
7,3007,14
7,3008,14
7,3009,14
7,3010,14
7,3011,15
7,3012,15
7,3013,15
7,3014,15
7,3015,15
7,3016,15
7,3017,15
7,3018,15
7,3019,15
7,3020,15
7,3021,15
7,3022,15
7,3023,15
7,3024,15
7,3025,15
6,3026,9
6,3027,9
6,3028,9
6,3029,9
6,3030,9
6,3031,9
6,3032,9
6,3033,9
6,3033,11
6,3034,9
6,3035,9
6,3036,9
6,3037,9
6,3038,9
6,3039,9
6,3039,11
6,3040,9
6,3040,11
6,3041,9
6,3042,9
6,3043,9
6,3044,9
6,3045,9
6,3045,11
6,3046,9
6,3047,9
6,3048,9
6,3049,9
6,3050,9
6,3051,9
6,3052,9
6,3052,11
6,3053,9
6,3053,11
6,3054,9
6,3055,9
6,3056,9
6,3057,9
6,3058,9
6,3059,9
6,3060,9
6,3061,9
6,3062,9
6,3063,9
6,3064,9
6,3065,9
6,3066,9
6,3067,9
7,3068,10
7,3069,10
7,3070,10
7,3071,10
7,3071,14
7,3072,10
7,3073,11
7,3074,11
7,3075,11
7,3076,11
7,3077,11
7,3078,11
7,3079,11
7,3080,11
7,3080,12
7,3081,11
7,3082,11
7,3083,11
7,3084,11
7,3085,11
7,3086,11
7,3087,11
7,3088,11
7,3089,11
7,3090,11
7,3091,11
7,3091,12
7,3092,11
7,3092,13
7,3093,11
7,3094,11
7,3095,11
7,3096,11
7,3097,11
7,3098,11
7,3099,11
7,3100,11
7,3101,11
7,3102,11
7,3103,11
7,3104,11
7,3104,15
7,3105,11
7,3106,11
7,3106,13
7,3107,11
7,3107,13
7,3108,11
7,3109,11
7,3110,11
7,3111,11
7,3112,11
7,3113,11
7,3114,11
7,3115,11
6,3116,9
7,3116,11
7,3117,11
7,3118,11
7,3119,11
7,3120,11
7,3121,11
7,3122,11
7,3123,11
7,3124,11
7,3125,11
6,3126,9
6,3126,11
6,3127,9
6,3128,9
6,3129,9
6,3130,9
6,3131,9
7,3131,14
6,3132,9
6,3133,9
6,3133,11
6,3134,9
6,3135,9
6,3136,9
6,3137,9
6,3137,11
6,3138,9
6,3139,9
6,3140,9
6,3141,9
6,3142,9
6,3143,9
6,3144,9
6,3145,9
6,3146,9
6,3147,9
6,3148,9
6,3149,9
6,3150,9
6,3151,9
6,3152,9
6,3153,9
6,3154,9
6,3155,9
6,3156,9
6,3156,11
6,3157,9
6,3158,9
6,3159,9
6,3160,9
6,3161,9
6,3162,9
6,3163,9
6,3164,9
6,3165,9
6,3166,9
7,3167,10
7,3168,10
7,3169,10
7,3170,10
7,3171,10
7,3172,10
7,3173,10
7,3174,10
7,3175,10
7,3175,11
7,3176,10
7,3177,10
7,3178,10
7,3179,10
7,3180,10
7,3180,14
7,3181,10
7,3182,10
7,3183,10
7,3184,10
7,3184,12
7,3185,10
7,3186,10
7,3186,13
7,3186,14
7,3187,10
7,3188,10
7,3189,10
7,3190,10
7,3191,10
7,3192,10
7,3193,10
7,3194,10
7,3195,10
7,3196,10
7,3197,10
7,3198,10
7,3199,10
7,3200,10
7,3201,10
7,3202,10
7,3203,10
7,3204,10
7,3205,10
7,3206,10
7,3207,10
7,3208,10
7,3209,10
7,3210,10
7,3210,12
7,3210,14
7,3211,10
7,3212,10
7,3212,12
7,3213,10
7,3214,10
7,3215,10
7,3216,10
7,3217,10
7,3218,10
7,3219,10
7,3220,10
7,3221,10
7,3222,10
7,3223,10
2,3224,11
2,3225,11
2,3226,11
2,3227,11
2,3228,11
2,3229,11
2,3230,11
2,3231,11
2,3232,11
2,3233,11
2,3234,11
2,3235,11
2,3236,11
2,3237,11
2,3238,11
2,3239,11
2,3240,11
2,3241,11
2,3242,11
2,3243,11
2,3244,11
2,3245,11
2,3246,11
2,3247,11
2,3248,11
2,3249,11
2,3250,11
2,3251,11
2,3252,11
2,3253,11
2,3254,11
2,3255,11
2,3256,11
2,3257,11
2,3258,11
2,3259,11
2,3260,11
2,3261,11
2,3262,11
2,3263,11
2,3264,11
2,3265,11
2,3266,11
2,3267,11
2,3268,11
2,3269,11
2,3270,11
2,3271,11
2,3272,11
2,3273,11
2,3274,11
2,3275,11
2,3276,11
2,3277,11
2,3278,11
2,3279,11
2,3280,11
2,3281,11
2,3282,11
2,3283,11
2,3284,11
2,3285,11
2,3286,11
2,3287,11
2,3288,11
2,3289,11
2,3290,11
2,3291,11
2,3292,11
2,3293,11
2,3294,11
2,3295,11
2,3296,11
2,3297,11
2,3298,11
2,3299,11
2,3300,11
2,3301,11
2,3302,11
2,3303,11
2,3304,11
2,3305,11
2,3306,11
2,3307,11
2,3308,11
2,3309,11
2,3310,11
2,3311,11
2,3312,11
2,3313,11
2,3314,11
2,3315,11
2,3316,11
2,3317,11
2,3318,11
2,3319,11
2,3320,11
2,3321,11
2,3322,11
2,3323,11
2,3324,11
2,3325,11
2,3326,11
2,3327,11
2,3328,11
2,3329,11
2,3330,11
2,3331,11
2,3332,11
2,3333,11
2,3334,11
2,3335,11
2,3336,11
2,3337,11
2,3338,11
2,3339,11
2,3340,11
2,3341,11
2,3342,11
2,3343,11
2,3344,11
2,3345,11
2,3346,11
2,3347,11
2,3348,11
2,3349,11
2,3350,11
2,3351,11
2,3352,11
2,3353,11
2,3354,11
2,3355,11
2,3356,11
2,3357,11
2,3358,11
2,3359,11
2,3360,11
2,3361,11
2,3362,11
2,3363,11
2,3364,11
2,3365,11
2,3366,11
2,3367,11
2,3368,11
2,3369,11
2,3370,11
2,3371,11
2,3372,11
2,3373,11
2,3374,11
2,3375,11
2,3376,11
2,3377,11
2,3378,11
2,3379,11
2,3380,11
2,3381,11
2,3382,11
2,3383,11
2,3384,11
2,3385,11
2,3386,11
2,3387,11
2,3388,11
2,3389,11
2,3390,11
2,3391,11
2,3392,11
2,3393,11
2,3394,11
2,3395,11
2,3396,11
2,3397,11
2,3398,11
2,3399,11
2,3400,11
2,3401,11
2,3402,11
2,3403,11
2,3404,11
2,3405,11
2,3406,11
2,3407,11
2,3408,11
2,3409,11
2,3410,11
2,3411,11
2,3412,11
2,3413,11
2,3414,11
2,3415,11
2,3416,11
2,3417,11
2,3418,11
2,3419,11
2,3420,11
2,3421,11
2,3422,11
2,3423,11
2,3424,11
2,3425,11
2,3426,11
2,3427,11
2,3428,11
2,3429,11
2,3430,11
2,3431,11
2,3432,11
2,3433,11
2,3434,11
2,3435,11
2,3436,11
2,3437,11
2,3438,11
2,3439,11
2,3440,11
2,3441,11
2,3442,11
2,3443,11
2,3444,11
2,3445,11
2,3446,11
2,3447,11
2,3448,11
2,3449,11
2,3450,11
2,3451,11
2,3452,11
2,3453,11
2,3454,11
2,3455,11
2,3456,11
2,3457,11
2,3458,11
2,3459,11
2,3460,11
2,3461,11
2,3462,11
2,3463,11
2,3464,11
2,3465,11
2,3466,11
2,3467,11
2,3468,11
2,3469,11
2,3470,11
2,3471,11
2,3472,11
2,3473,11
2,3474,11
2,3475,11
2,3476,11
2,3477,11
2,3478,11
2,3479,11
2,3480,11
2,3481,11
2,3482,11
2,3483,11
2,3484,11
2,3485,11
2,3486,11
2,3487,11
2,3488,11
7,3489,12
7,3490,12
7,3491,12
7,3492,12
7,3493,12
7,3494,12
7,3495,12
7,3496,12
7,3497,12
7,3498,12
7,3499,12
7,3500,12
7,3501,12
7,3502,12
7,3503,12
7,3504,12
7,3505,12
7,3506,12
7,3507,12
7,3508,12
7,3509,12
7,3510,12
7,3510,15
7,3511,12
7,3512,12
7,3513,12
7,3514,12
7,3515,12
7,3516,12
7,3516,15
7,3517,12
7,3518,12
7,3519,12
7,3520,12
7,3521,12
7,3522,12
3,3523,5
3,3524,5
3,3525,5
3,3526,5
3,3527,5
3,3528,5
3,3529,5
3,3530,5
7,3530,10
3,3531,5
3,3532,5
3,3533,5
3,3534,5
3,3535,5
3,3536,5
3,3537,5
3,3538,5
3,3539,5
3,3540,5
3,3541,5
3,3542,5
3,3543,5
3,3544,5
3,3545,5
3,3546,5
3,3547,5
3,3548,5
3,3549,5
3,3550,5
3,3551,5
3,3552,5
3,3553,5
3,3554,5
3,3555,5
3,3556,5
3,3557,5
3,3558,5
3,3559,5
3,3560,5
3,3561,5
3,3562,5
3,3563,5
3,3564,5
3,3565,5
3,3566,5
3,3567,5
3,3568,5
3,3569,5
3,3570,5
3,3571,5
3,3572,5
3,3573,5
3,3574,5
3,3575,5
3,3576,5
3,3577,5
3,3578,5
3,3579,5
3,3580,5
3,3581,5
3,3582,5
3,3583,5
3,3584,5
3,3585,5
3,3586,5
3,3587,5
3,3588,5
3,3589,5
3,3590,5
3,3591,5
3,3592,5
3,3593,5
3,3594,5
3,3595,5
3,3596,5
3,3597,5
3,3598,5
3,3599,5
3,3600,5
3,3601,5
3,3602,5
6,3602,9
3,3603,5
3,3604,5
3,3605,5
3,3606,5
3,3607,5
3,3608,5
3,3609,5
3,3610,5
3,3611,5
3,3612,5
3,3613,5
3,3614,5
3,3615,5
3,3616,5
3,3617,5
3,3618,5
3,3619,5
3,3620,5
3,3621,5
3,3622,5
3,3623,5
3,3624,5
3,3625,5
3,3626,5
3,3627,5
3,3628,5
3,3629,5
3,3630,5
3,3631,5
3,3632,5
3,3633,5
3,3634,5
3,3635,5
3,3636,5
3,3637,5
3,3638,5
3,3639,5
3,3640,5
3,3641,5
3,3642,5
3,3643,5
3,3644,5
3,3645,5
3,3646,5
3,3647,5
3,3647,6
3,3648,5
3,3649,5
3,3650,5
3,3651,5
3,3652,5
3,3653,5
3,3654,5
3,3655,5
3,3656,5
3,3657,5
3,3658,5
3,3659,5
3,3660,5
3,3661,5
3,3662,5
3,3663,5
3,3664,5
3,3665,5
3,3666,5
3,3667,5
3,3668,5
3,3669,5
3,3670,5
3,3671,5
3,3672,5
3,3673,5
3,3674,5
3,3675,5
3,3676,5
3,3677,5
3,3678,5
3,3679,5
7,3679,9
3,3680,5
3,3681,5
3,3682,5
3,3683,5
3,3684,5
3,3685,5
3,3686,5
3,3687,5
3,3688,5
3,3689,5
3,3690,5
3,3691,5
3,3692,5
3,3693,5
3,3694,5
3,3695,5
3,3696,5
3,3697,5
3,3698,5
3,3699,5
3,3700,5
3,3701,5
3,3702,5
3,3703,5
3,3704,5
3,3705,5
3,3706,5
3,3707,5
3,3708,5
3,3709,5
3,3710,5
3,3711,5
3,3712,5
3,3713,5
3,3714,5
3,3715,5
3,3716,5
3,3717,5
3,3718,5
3,3719,5
3,3720,5
3,3720,6
3,3721,5
3,3722,5
3,3723,5
3,3724,5
3,3725,5
3,3726,5
3,3727,5
3,3728,5
3,3729,5
3,3730,5
3,3731,5
3,3732,5
3,3733,5
3,3734,5
3,3735,5
3,3736,5
3,3737,5
3,3738,5
3,3738,6
3,3739,5
3,3740,5
3,3741,5
3,3742,5
3,3743,5
3,3744,5
3,3745,5
3,3746,5
3,3747,5
3,3748,5
3,3749,5
3,3749,6
3,3750,5
3,3751,5
3,3752,5
3,3753,5
3,3754,5
3,3755,5
3,3756,5
3,3757,5
3,3758,5
3,3759,5
3,3760,5
3,3761,5
3,3762,5
3,3763,5
3,3764,5
3,3765,5
3,3766,5
3,3767,5
3,3768,5
3,3769,5
3,3770,5
3,3771,5
3,3772,5
3,3773,5
3,3774,5
3,3775,5
3,3776,5
3,3777,5
3,3778,5
3,3779,5
3,3780,5
3,3781,5
3,3781,6
2,3781,11
3,3782,5
3,3783,5
3,3784,5
3,3785,5
3,3786,5
3,3787,5
3,3788,5
3,3789,5
3,3790,5
3,3791,5
3,3792,5
3,3793,5
3,3794,5
3,3795,5
3,3796,5
3,3797,5
7,3797,11
3,3798,5
3,3799,5
3,3800,5
3,3801,5
3,3802,5
3,3803,5
3,3804,5
3,3805,5
3,3806,5
3,3807,5
3,3808,5
3,3809,5
3,3810,5
3,3811,5
3,3812,5
3,3813,5
3,3814,5
3,3815,5
3,3816,5
3,3817,5
3,3818,5
3,3819,5
3,3820,5
3,3821,5
3,3822,5
3,3823,5
3,3824,5
3,3825,5
3,3826,5
3,3827,5
3,3828,5
3,3829,5
3,3830,5
6,3830,11
3,3831,5
3,3832,5
3,3833,5
3,3834,5
3,3835,5
3,3836,5
3,3837,5
3,3838,5
3,3839,5
3,3840,5
3,3841,5
3,3842,5
3,3843,5
3,3844,5
3,3845,5
3,3846,5
3,3847,5
3,3848,5
3,3849,5
3,3850,5
3,3851,5
3,3852,5
3,3853,5
3,3854,5
3,3855,5
3,3856,5
3,3857,5
3,3858,6
3,3859,6
3,3860,6
3,3861,6
3,3862,6
3,3863,6
3,3864,6
3,3865,6
3,3866,6
3,3867,6
3,3868,6
3,3869,6
3,3870,6
4,3870,6
3,3871,6
3,3872,6
3,3873,6
3,3874,6
3,3875,6
3,3876,6
3,3877,6
3,3878,6
3,3879,6
3,3880,6
3,3881,6
3,3882,6
3,3883,6
3,3884,6
3,3885,6
3,3886,6
3,3887,6
3,3888,6
3,3889,6
3,3890,6
3,3891,6
3,3892,6
3,3893,6
3,3894,6
3,3895,6
6,3895,11
3,3896,6
3,3897,6
3,3898,6
3,3899,6
3,3900,6
3,3901,6
3,3902,6
3,3903,6
3,3904,6
3,3905,6
4,3905,6
3,3906,6
3,3907,6
3,3908,6
3,3909,6
3,3910,6
3,3911,6
3,3912,6
3,3913,6
3,3914,6
3,3915,6
3,3916,6
3,3917,6
3,3918,6
3,3919,6
3,3920,6
3,3921,6
3,3922,6
3,3923,6
3,3924,6
3,3925,6
3,3926,6
3,3927,6
3,3928,6
3,3929,6
3,3930,6
3,3931,6
3,3932,6
3,3933,6
3,3934,6
3,3935,6
3,3936,6
3,3937,6
3,3938,6
3,3939,6
3,3940,6
3,3941,6
3,3942,6
4,3942,6
3,3943,6
3,3944,6
3,3945,6
3,3946,6
3,3947,6
3,3948,6
3,3949,6
3,3950,6
3,3951,6
3,3952,6
3,3953,6
3,3954,6
3,3955,6
3,3956,6
3,3957,6
3,3958,6
3,3959,6
3,3960,6
3,3961,6
7,3961,11
3,3962,6
3,3963,6
3,3964,6
3,3965,6
3,3966,6
3,3967,6
3,3968,6
3,3969,6
3,3970,6
3,3971,6
3,3972,6
3,3973,6
3,3974,6
6,3974,11
3,3975,6
3,3976,6
3,3977,6
3,3978,6
3,3979,6
3,3980,6
3,3981,6
3,3982,6
3,3983,6
3,3984,6
3,3985,6
3,3986,6
3,3987,6
3,3988,6
3,3989,6
3,3990,6
3,3991,6
3,3992,6
3,3993,6
3,3994,6
3,3995,6
3,3996,6
3,3997,6
3,3998,6
3,3999,6
3,4000,6
3,4001,6
3,4002,6
3,4003,6
3,4004,6
3,4005,6
3,4006,6
3,4007,6
3,4008,6
3,4009,6
3,4010,6
3,4011,6
3,4012,6
3,4013,6
3,4014,6
3,4015,6
3,4016,6
3,4017,6
3,4018,6
3,4019,6
3,4020,6
3,4021,6
3,4022,6
3,4023,6
3,4024,6
3,4025,6
3,4026,6
3,4027,6
3,4028,6
3,4029,6
3,4030,6
3,4031,6
3,4032,6
3,4033,6
3,4034,6
3,4035,6
3,4036,6
3,4037,6
3,4038,6
3,4039,6
3,4040,6
3,4041,6
3,4042,6
3,4043,6
3,4044,6
3,4045,6
3,4046,6
3,4047,6
3,4048,6
3,4049,6
3,4050,6
3,4051,6
3,4052,6
3,4053,6
3,4054,6
3,4055,6
3,4056,6
3,4057,6
3,4058,6
3,4059,6
3,4060,6
3,4061,6
3,4062,6
3,4063,6
3,4064,6
3,4065,6
3,4066,6
3,4067,6
3,4068,6
3,4069,6
3,4070,6
3,4071,6
3,4072,6
3,4073,6
3,4074,6
3,4075,6
3,4076,6
3,4077,6
3,4078,6
2,4079,7
2,4080,7
2,4080,11
2,4081,7
2,4082,7
2,4083,7
2,4084,7
2,4085,7
2,4086,7
2,4086,11
2,4087,7
2,4088,7
2,4089,7
2,4089,11
2,4090,7
2,4090,11
2,4091,7
2,4092,7
2,4093,7
2,4094,7
2,4095,7
2,4096,7
2,4097,7
2,4098,7
2,4099,7
2,4099,11
2,4100,7
2,4100,11
2,4101,7
2,4102,7
2,4103,7
2,4103,11
2,4104,7
2,4105,7
2,4106,7
2,4107,7
2,4108,7
2,4109,7
2,4110,7
2,4111,7
2,4112,7
2,4113,7
2,4113,11
2,4114,7
2,4115,7
2,4116,7
2,4117,7
2,4118,7
2,4119,7
2,4120,7
2,4121,7
2,4122,7
2,4123,7
2,4123,11
2,4124,7
2,4125,7
2,4126,7
2,4127,7
2,4128,7
2,4129,7
2,4130,7
2,4131,7
2,4132,7
2,4132,11
2,4133,7
2,4133,11
2,4134,7
2,4135,7
2,4136,7
2,4137,7
2,4138,7
2,4139,7
2,4140,7
2,4141,7
2,4142,7
2,4143,7
2,4144,7
2,4145,7
2,4145,11
2,4146,7
2,4147,7
2,4148,7
2,4149,7
2,4150,7
2,4151,7
2,4152,7
2,4153,7
2,4153,11
2,4154,7
2,4155,7
2,4156,7
2,4157,7
2,4158,7
2,4159,7
2,4160,7
2,4161,7
2,4162,7
2,4163,7
2,4164,7
2,4165,7
2,4165,11
2,4166,7
2,4166,11
2,4167,7
2,4168,7
2,4169,7
2,4170,7
2,4171,7
2,4172,7
2,4173,7
2,4174,7
2,4175,7
2,4176,7
2,4177,7
2,4177,11
2,4178,7
2,4179,7
2,4180,7
2,4181,7
2,4182,7
2,4183,7
2,4184,7
2,4185,7
2,4186,7
2,4187,7
2,4188,7
2,4189,7
2,4190,7
2,4190,11
2,4191,7
2,4192,7
2,4193,7
2,4193,11
2,4194,7
2,4195,7
2,4196,7
2,4196,11
2,4197,7
2,4198,7
2,4199,7
2,4199,11
2,4200,7
7,4200,11
2,4201,7
2,4202,7
2,4203,7
2,4204,7
2,4205,7
2,4206,7
2,4207,7
2,4207,11
2,4208,7
2,4208,11
2,4209,7
2,4210,7
2,4210,11
2,4211,7
2,4212,7
2,4213,7
2,4214,7
2,4215,7
2,4216,7
2,4217,7
2,4218,7
2,4219,7
2,4220,7
2,4221,7
2,4222,7
2,4223,7
2,4224,7
2,4225,7
2,4226,7
2,4227,7
2,4228,7
2,4228,11
4,4229,8
4,4230,8
4,4231,8
4,4232,8
4,4233,8
7,4233,11
4,4234,8
4,4235,8
4,4236,8
4,4237,8
4,4238,8
4,4239,8
4,4240,8
4,4241,8
4,4242,8
4,4243,8
4,4244,8
4,4245,8
4,4246,8
4,4247,8
4,4248,8
4,4249,8
4,4250,8
4,4251,8
4,4252,8
4,4253,8
4,4254,8
4,4255,8
4,4256,8
4,4257,8
4,4258,8
4,4259,8
4,4260,8
4,4261,8
4,4262,8
4,4263,8
4,4264,8
4,4265,8
4,4266,8
4,4267,8
4,4268,8
4,4269,8
4,4270,8
4,4271,8
4,4272,8
4,4273,8
4,4274,8
4,4275,8
4,4276,8
4,4277,8
4,4278,8
4,4279,8
4,4280,8
4,4281,8
4,4282,8
4,4283,8
4,4284,8
4,4285,8
4,4286,8
4,4287,8
4,4288,8
4,4289,8
4,4290,8
4,4291,8
4,4292,8
4,4293,8
4,4294,8
4,4295,8
4,4296,8
4,4297,8
4,4298,8
4,4299,8
4,4300,8
4,4301,8
4,4302,8
4,4303,8
4,4304,8
4,4305,8
4,4306,8
4,4307,8
4,4308,8
4,4309,8
4,4310,8
4,4311,8
4,4312,8
4,4313,8
4,4314,8
4,4315,8
4,4316,8
4,4317,8
4,4318,8
4,4319,8
4,4320,8
4,4321,8
4,4322,8
4,4323,8
4,4324,8
4,4325,8
4,4326,8
4,4327,8
4,4328,8
4,4329,8
4,4330,8
4,4331,8
4,4332,8
4,4333,8
4,4334,8
4,4335,8
7,4336,9
7,4337,9
7,4338,9
7,4339,9
7,4340,9
7,4341,9
7,4342,9
7,4343,9
7,4344,9
7,4345,9
7,4346,9
7,4346,11
7,4347,9
7,4348,9
7,4349,9
7,4350,9
7,4351,9
7,4351,13
7,4352,9
7,4353,9
7,4353,12
7,4354,9
7,4355,9
7,4356,9
7,4357,9
7,4357,14
7,4358,9
7,4359,9
7,4360,9
7,4361,9
7,4362,9
7,4362,10
7,4363,9
7,4364,9
7,4365,9
7,4365,10
7,4366,9
7,4367,9
7,4368,9
7,4368,11
7,4369,9
7,4370,9
7,4371,9
7,4372,9
7,4373,9
7,4374,9
7,4375,9
7,4376,9
7,4377,9
7,4378,9
7,4379,9
7,4380,9
7,4381,9
7,4381,10
7,4381,11
7,4382,9
7,4383,9
7,4384,9
7,4385,9
7,4386,9
7,4386,10
2,4386,11
7,4386,12
7,4387,9
7,4388,9
7,4388,12
7,4389,9
7,4390,9
7,4390,12
7,4391,9
7,4392,9
7,4393,9
7,4394,9
7,4395,9
7,4396,9
7,4397,9
7,4398,9
7,4399,9
7,4400,9
7,4401,9
7,4402,9
7,4402,15
7,4403,9
7,4404,9
7,4405,9
7,4406,9
7,4407,9
7,4408,9
7,4408,11
7,4409,9
7,4410,9
7,4410,10
7,4411,9
7,4412,9
7,4413,9
7,4413,12
7,4414,9
7,4415,9
7,4416,9
7,4417,9
7,4417,13
7,4417,15
7,4418,9
7,4419,9
7,4420,9
7,4421,9
7,4422,11
7,4423,11
7,4424,11
7,4424,12
7,4425,11
7,4426,11
7,4427,11
7,4428,11
7,4429,11
7,4430,11
7,4431,11
7,4432,11
7,4433,11
7,4434,11
7,4435,11
7,4436,11
7,4437,11
7,4438,11
7,4439,11
7,4440,11
7,4441,11
7,4442,11
7,4443,11
7,4444,11
7,4444,13
7,4445,11
7,4446,11
7,4447,11
7,4448,11
7,4449,11
7,4450,11
7,4451,11
7,4452,11
7,4452,12
7,4453,11
7,4454,11
7,4455,11
7,4456,11
7,4456,15
7,4457,11
7,4458,11
7,4459,11
7,4460,11
7,4460,13
7,4461,11
7,4461,12
7,4461,13
7,4462,11
7,4463,11
7,4463,12
7,4464,11
7,4465,11
7,4466,11
7,4467,11
7,4468,11
7,4469,11
7,4470,11
7,4471,11
7,4472,11
7,4473,11
7,4474,11
7,4475,11
7,4476,11
7,4476,12
7,4477,11
7,4477,12
7,4477,13
7,4478,11
7,4479,11
7,4480,11
7,4480,12
7,4480,14
7,4481,11
7,4482,11
7,4483,11
7,4484,11
7,4485,11
7,4486,11
7,4486,13
7,4487,11
7,4488,11
7,4489,11
7,4490,11
7,4491,11
7,4492,11
7,4493,11
7,4494,11
7,4494,12
7,4495,11
7,4496,11
7,4497,12
7,4498,12
7,4499,12
7,4500,12
7,4501,12
7,4502,12
7,4503,12
7,4504,12
7,4505,12
7,4506,12
7,4507,12
7,4508,12
7,4508,15
7,4509,12
7,4510,12
7,4511,12
7,4512,12
7,4512,13
7,4512,15
7,4513,12
7,4514,12
7,4515,12
7,4516,12
7,4517,12
7,4518,12
7,4519,12
7,4520,12
7,4520,15
7,4521,12
2,4522,4
2,4523,4
2,4524,4
2,4525,4
2,4526,4
2,4527,4
2,4528,4
2,4529,4
2,4530,4
2,4531,4
2,4532,4
2,4533,4
2,4534,4
2,4535,4
2,4536,4
2,4537,4
2,4538,4
2,4539,4
2,4540,4
2,4541,4
2,4542,4
2,4543,4
2,4544,4
2,4545,4
2,4546,4
2,4547,4
2,4547,11
2,4548,4
2,4548,11
2,4549,4
2,4550,4
2,4551,4
2,4552,4
2,4553,4
2,4554,4
2,4555,4
2,4556,4
2,4557,4
2,4558,4
2,4558,11
2,4559,4
2,4560,4
2,4560,7
2,4561,4
2,4562,4
2,4562,11
2,4563,4
2,4564,4
2,4565,4
2,4565,7
2,4566,4
2,4567,4
2,4568,4
2,4569,4
2,4570,4
2,4570,7
2,4571,4
2,4572,4
2,4573,4
2,4573,7
2,4574,4
2,4575,4
2,4576,4
2,4577,4
2,4578,4
2,4579,4
2,4580,4
2,4581,4
2,4582,4
2,4583,4
2,4584,4
2,4585,4
2,4586,4
2,4587,4
2,4588,4
2,4588,11
2,4589,4
2,4590,4
2,4591,4
2,4592,4
2,4593,4
2,4594,4
2,4595,4
2,4596,4
2,4597,4
2,4597,11
2,4598,4
2,4599,4
2,4600,4
2,4601,4
2,4602,4
2,4603,4
2,4604,4
2,4605,4
2,4606,4
2,4607,4
2,4608,4
2,4609,4
2,4610,4
2,4611,4
2,4612,4
2,4613,4
2,4613,11
2,4614,4
2,4615,4
2,4616,4
2,4617,4
2,4618,4
2,4619,4
2,4620,4
2,4621,4
2,4622,4
2,4623,4
2,4624,4
2,4625,4
2,4626,4
2,4627,4
2,4628,4
2,4629,4
2,4630,4
2,4631,4
2,4631,11
2,4632,4
2,4633,4
2,4634,4
2,4635,4
2,4636,4
2,4637,4
2,4638,4
2,4639,4
2,4640,4
2,4641,4
2,4642,4
2,4643,4
2,4644,4
2,4645,4
2,4646,4
2,4647,4
2,4648,4
2,4649,4
2,4650,4
2,4651,4
2,4652,4
2,4653,4
2,4654,4
2,4655,4
2,4656,4
3,4656,5
2,4657,4
2,4658,4
2,4659,4
2,4660,4
2,4661,4
2,4662,4
2,4663,4
2,4664,4
2,4664,11
2,4665,4
2,4666,4
2,4667,4
2,4668,4
2,4669,4
2,4670,4
2,4671,4
2,4672,4
2,4673,4
2,4674,4
2,4675,4
2,4676,4
2,4677,4
2,4678,4
2,4679,4
2,4680,4
2,4681,4
2,4682,4
2,4683,4
2,4683,11
2,4684,4
2,4685,4
2,4686,4
2,4687,4
2,4688,4
2,4689,4
2,4690,4
2,4691,4
2,4692,4
2,4693,4
2,4694,4
2,4694,11
2,4695,4
2,4696,4
2,4697,4
2,4698,4
2,4699,4
2,4699,11
2,4700,4
2,4701,4
2,4702,4
2,4703,4
2,4704,4
2,4705,4
2,4705,11
3,4706,5
3,4707,5
3,4708,5
3,4709,5
3,4710,5
3,4711,5
3,4712,5
3,4713,5
3,4714,5
3,4715,5
3,4716,5
3,4717,5
3,4718,5
3,4719,5
3,4720,5
2,4721,4
2,4721,11
2,4722,4
2,4723,4
2,4724,4
2,4725,4
2,4726,4
2,4726,11
2,4727,4
2,4727,7
2,4728,4
2,4729,4
7,4730,5
7,4731,5
7,4732,5
7,4733,5
7,4734,5
7,4735,5
7,4736,5
7,4737,5
7,4738,5
7,4739,5
7,4740,5
7,4741,5
7,4742,5
7,4742,13
7,4743,5
7,4744,5
7,4745,5
7,4745,10
7,4746,5
7,4747,5
7,4748,5
7,4749,5
7,4750,5
7,4751,5
7,4752,5
7,4753,5
7,4754,5
7,4755,5
7,4755,11
7,4756,5
7,4757,5
7,4758,5
7,4759,5
7,4759,10
7,4759,12
7,4759,15
7,4760,5
7,4761,5
7,4762,5
7,4763,5
7,4764,5
7,4765,5
7,4766,5
7,4767,5
7,4767,9
7,4768,5
7,4769,5
7,4770,5
7,4771,5
7,4772,5
7,4773,5
7,4774,5
7,4775,5
7,4775,12
7,4776,5
2,4776,11
7,4777,5
7,4778,5
7,4779,5
7,4780,5
7,4781,5
7,4782,5
7,4782,9
7,4783,5
7,4784,5
7,4785,5
7,4786,5
7,4787,5
7,4788,5
7,4789,5
7,4790,5
7,4791,5
7,4792,5
7,4793,5
7,4794,5
7,4795,5
7,4796,5
7,4797,5
7,4798,5
7,4799,5
7,4800,5
7,4801,5
7,4802,5
7,4803,5
7,4804,5
7,4805,5
7,4806,5
7,4807,5
7,4808,5
7,4809,5
7,4810,5
7,4811,5
7,4812,5
7,4813,5
7,4814,5
7,4815,5
7,4816,5
7,4817,5
7,4818,5
7,4819,5
7,4820,5
7,4820,15
7,4821,5
3,4822,5
7,4822,5
7,4823,5
7,4824,5
7,4825,5
7,4826,5
7,4827,5
7,4828,5
7,4829,5
7,4830,5
7,4830,11
7,4831,5
7,4832,5
7,4833,5
7,4834,5
7,4835,5
7,4836,5
7,4837,5
7,4837,11
7,4838,5
7,4839,5
7,4840,5
7,4841,5
7,4842,5
7,4843,5
7,4844,5
7,4845,5
2,4845,11
7,4845,13
7,4846,5
7,4847,5
7,4848,5
7,4849,5
7,4850,5
7,4851,5
7,4852,5
7,4853,5
7,4854,5
3,4855,5
7,4855,5
7,4856,5
7,4857,5
7,4858,5
7,4859,5
7,4860,5
7,4861,5
7,4862,5
7,4863,5
7,4864,5
7,4865,5
7,4866,5
7,4866,9
7,4867,5
7,4868,5
7,4869,5
7,4870,5
7,4871,5
7,4872,5
7,4873,5
7,4874,5
7,4875,5
7,4876,5
7,4876,14
7,4877,5
7,4878,5
7,4879,5
7,4880,5
7,4881,5
7,4882,5
7,4883,5
7,4884,5
7,4885,5
7,4886,5
7,4887,5
7,4888,5
7,4889,5
7,4890,5
7,4890,11
7,4891,5
7,4892,5
7,4893,5
7,4894,5
7,4895,5
7,4895,10
7,4896,5
7,4897,5
7,4898,5
7,4899,5
7,4900,5
7,4901,5
7,4902,5
6,4902,9
7,4903,5
7,4904,5
7,4905,5
7,4905,11
7,4906,5
7,4907,5
7,4907,11
7,4908,5
6,4908,11
7,4909,5
7,4910,5
7,4910,9
7,4911,5
7,4912,5
7,4913,5
7,4914,5
7,4915,5
7,4916,5
7,4917,5
7,4918,5
7,4919,5
7,4920,5
7,4921,5
7,4922,5
7,4923,5
7,4924,5
7,4925,5
2,4925,11
7,4926,5
7,4927,5
7,4928,5
7,4928,10
7,4929,5
7,4930,5
7,4931,5
7,4932,5
7,4933,5
7,4933,11
7,4934,5
7,4935,5
7,4936,5
7,4936,10
7,4937,5
7,4937,10
7,4938,5
7,4938,12
7,4938,13
7,4939,5
7,4940,5
7,4941,5
7,4941,12
7,4942,5
7,4943,5
7,4944,5
7,4945,5
7,4946,5
7,4947,5
7,4947,12
7,4948,5
7,4949,5
7,4950,5
7,4950,11
7,4950,12
7,4951,5
7,4952,5
7,4953,5
7,4953,12
7,4953,13
7,4954,5
7,4955,5
7,4956,5
7,4957,5
7,4958,5
7,4959,5
7,4959,10
7,4960,5
7,4960,9
7,4960,10
7,4961,5
7,4962,5
7,4963,5
7,4963,13
7,4964,5
7,4965,5
7,4966,5
7,4967,5
7,4968,5
7,4969,5
7,4970,5
7,4971,5
7,4972,5
7,4973,5
7,4974,5
7,4974,11
7,4975,5
7,4976,5
7,4977,5
7,4977,9
7,4978,5
6,4978,9
6,4978,11
7,4979,5
7,4980,5
7,4981,5
7,4982,5
7,4982,14
7,4983,5
7,4984,5
7,4984,10
7,4985,5
7,4986,5
4,4987,6
4,4988,6
4,4989,6
4,4990,6
4,4991,6
6,4991,8
4,4992,6
4,4993,6
4,4994,6
4,4995,6
4,4996,6
4,4997,6
4,4998,6
4,4999,6
4,5000,6
4,5001,6
4,5001,8
4,5002,6
4,5003,6
4,5004,6
4,5005,6
4,5006,6
4,5007,6
4,5008,6
4,5009,6
4,5010,6
4,5010,8
4,5011,6
4,5012,6
4,5013,6
4,5014,6
4,5015,6
4,5016,6
4,5017,6
4,5018,6
7,5019,5
7,5020,5
7,5021,5
7,5022,5
7,5023,5
7,5024,5
7,5024,14
7,5025,5
7,5026,5
7,5027,5
7,5028,5
7,5029,5
7,5030,5
7,5031,5
7,5032,5
7,5033,5
7,5033,10
7,5034,5
7,5035,5
7,5036,5
7,5036,9
7,5037,5
7,5037,12
7,5038,5
7,5039,5
7,5040,5
7,5041,5
7,5042,5
7,5043,5
7,5044,5
7,5045,5
7,5046,5
7,5047,5
7,5048,5
7,5049,5
7,5050,5
7,5051,5
7,5052,5
4,5053,6
4,5054,6
4,5054,8
4,5055,6
4,5055,8
4,5056,6
4,5057,6
4,5058,6
4,5059,6
4,5060,6
4,5061,6
4,5062,6
4,5063,6
4,5064,6
4,5065,6
4,5066,6
4,5067,6
4,5068,6
4,5069,6
4,5070,6
4,5071,6
4,5072,6
4,5073,6
4,5074,6
4,5075,6
4,5076,6
4,5077,6
4,5078,6
4,5079,6
4,5080,6
4,5081,6
4,5082,6
4,5083,6
4,5084,6
4,5085,6
4,5086,6
4,5087,6
4,5088,6
4,5089,6
4,5090,6
4,5091,6
4,5092,6
4,5093,6
4,5093,8
4,5094,6
4,5095,6
4,5096,6
4,5097,6
4,5098,6
4,5099,6
4,5100,6
4,5101,6
4,5102,6
4,5103,6
4,5104,6
4,5105,6
4,5106,6
4,5107,6
4,5108,6
4,5109,6
4,5110,6
4,5111,6
4,5112,6
4,5113,6
4,5114,6
4,5115,6
4,5116,6
4,5117,6
4,5118,6
4,5119,6
4,5120,6
4,5121,6
4,5122,6
4,5123,6
4,5124,6
4,5124,8
4,5125,6
4,5126,6
4,5127,6
4,5128,6
4,5129,6
4,5130,6
4,5131,6
4,5132,6
4,5133,6
4,5134,6
4,5135,6
4,5136,6
4,5137,6
4,5138,6
4,5139,6
4,5140,6
4,5141,6
4,5142,6
4,5142,8
4,5143,6
4,5143,8
4,5144,6
4,5145,6
4,5146,6
4,5147,6
4,5148,6
4,5149,6
4,5150,6
4,5151,6
4,5152,6
4,5153,6
4,5154,6
4,5155,6
4,5156,6
4,5157,6
4,5158,6
4,5159,6
4,5160,6
4,5161,6
4,5162,6
4,5163,6
4,5164,6
4,5165,6
4,5166,6
4,5167,6
4,5168,6
4,5169,6
4,5170,6
4,5171,6
4,5172,6
4,5173,6
4,5174,6
4,5175,6
4,5176,6
4,5177,6
4,5178,6
4,5179,6
4,5180,6
4,5181,6
4,5181,8
4,5182,6
4,5183,6
4,5183,8
4,5184,6
4,5185,6
4,5186,6
4,5187,6
4,5188,6
4,5189,6
4,5190,6
4,5191,6
4,5192,6
4,5193,6
4,5194,6
4,5194,8
4,5195,6
4,5196,6
4,5197,6
4,5197,8
4,5198,6
4,5199,6
4,5200,6
4,5201,6
4,5201,8
4,5202,6
4,5203,6
4,5204,6
4,5205,6
4,5206,6
4,5207,6
4,5208,6
4,5209,6
4,5210,6
4,5211,6
4,5212,6
4,5213,6
4,5214,6
4,5215,6
4,5216,6
4,5217,6
4,5218,6
4,5219,6
4,5220,6
4,5221,6
4,5222,6
4,5223,6
4,5224,6
4,5225,6
4,5225,8
4,5226,6
4,5227,6
4,5228,6
4,5229,6
4,5230,6
4,5231,6
4,5232,6
4,5233,6
4,5234,6
4,5235,6
4,5236,6
4,5237,6
4,5238,6
4,5239,6
4,5240,6
4,5241,6
4,5242,6
4,5243,6
4,5244,6
4,5245,6
4,5246,6
4,5247,6
4,5248,6
4,5249,6
4,5250,6
4,5251,6
4,5252,6
4,5253,6
4,5254,6
4,5255,6
4,5256,6
4,5257,6
4,5258,6
4,5259,6
4,5260,6
4,5261,6
4,5262,6
4,5263,6
4,5264,6
4,5265,6
4,5266,6
4,5266,8
4,5267,6
4,5268,6
4,5269,6
4,5270,6
4,5271,6
4,5272,6
4,5273,6
4,5274,6
4,5275,6
4,5276,6
4,5277,6
4,5278,6
4,5279,6
4,5280,6
4,5281,6
4,5282,6
4,5283,6
4,5284,6
4,5285,6
4,5286,6
4,5287,6
4,5288,6
4,5289,6
4,5290,6
4,5291,6
4,5292,6
4,5293,6
4,5294,6
4,5294,8
4,5295,6
5,5296,7
5,5297,7
5,5298,7
5,5299,7
5,5300,7
5,5301,7
5,5302,7
5,5303,7
5,5304,7
5,5305,7
5,5306,7
5,5307,7
5,5308,7
5,5309,7
5,5310,7
5,5311,7
5,5312,7
5,5313,7
5,5314,7
5,5315,7
5,5316,7
5,5317,7
5,5318,7
5,5319,7
5,5320,7
5,5321,7
5,5322,7
5,5323,7
5,5324,7
5,5325,7
6,5325,9
5,5326,7
5,5327,7
5,5328,7
5,5329,7
5,5330,7
5,5331,7
5,5332,7
5,5333,7
5,5334,7
5,5335,7
5,5336,7
5,5337,7
5,5338,7
5,5339,7
5,5340,7
5,5341,7
5,5342,7
5,5343,7
7,5343,9
7,5343,11
5,5344,7
5,5345,7
5,5346,7
5,5347,7
5,5348,7
5,5349,7
7,5349,11
5,5350,7
5,5351,7
5,5352,7
5,5353,7
5,5354,7
5,5355,7
5,5356,7
5,5357,7
5,5358,7
5,5359,7
5,5360,7
5,5361,7
5,5362,7
5,5363,7
6,5363,11
5,5364,7
5,5365,7
5,5366,7
5,5367,7
5,5368,7
5,5369,7
5,5370,7
5,5371,7
5,5372,7
5,5373,7
5,5374,7
5,5375,7
5,5376,7
5,5377,7
5,5378,7
5,5379,7
5,5380,7
5,5381,7
5,5382,7
5,5383,7
5,5384,7
6,5385,8
6,5386,8
6,5386,9
6,5387,8
6,5388,8
6,5388,11
6,5389,8
6,5390,8
6,5391,8
6,5392,8
6,5393,8
6,5394,8
6,5395,8
6,5396,8
6,5397,8
6,5398,8
6,5399,8
6,5400,8
6,5401,8
6,5402,8
6,5403,8
6,5403,9
6,5404,8
6,5405,8
6,5405,11
6,5406,8
6,5407,8
6,5408,8
6,5408,9
6,5409,8
6,5410,8
6,5411,8
6,5412,8
6,5413,8
6,5414,8
6,5415,8
6,5416,8
6,5416,9
6,5417,8
6,5417,9
6,5418,8
6,5419,9
6,5420,9
7,5420,12
6,5421,9
6,5421,11
6,5422,11
6,5423,11
6,5424,8
6,5425,8
6,5426,8
6,5426,11
6,5427,8
6,5428,8
7,5428,13
7,5428,15
6,5429,8
6,5430,8
6,5431,8
6,5432,8
6,5433,8
6,5434,8
6,5435,8
6,5436,8
6,5437,8
6,5437,9
6,5438,8
6,5439,8
6,5440,8
6,5441,8
6,5442,8
6,5443,8
7,5443,13
6,5444,8
6,5445,8
6,5446,8
6,5447,8
6,5448,8
6,5449,8
6,5450,8
6,5451,8
6,5452,8
6,5453,8
6,5453,9
6,5453,11
6,5454,8
6,5454,9
6,5455,8
6,5456,8
6,5457,8
6,5458,8
6,5458,11
6,5459,8
6,5460,8
6,5461,8
6,5462,8
6,5462,11
6,5463,8
6,5464,8
6,5465,8
6,5466,8
6,5466,9
6,5466,11
6,5467,8
6,5468,8
6,5469,8
6,5469,11
6,5470,8
6,5471,8
6,5471,9
6,5472,8
6,5473,8
6,5474,8
6,5475,8
6,5476,8
6,5477,8
6,5478,8
6,5479,8
6,5479,9
6,5480,8
6,5481,8
6,5482,8
6,5483,8
6,5484,8
6,5485,8
6,5486,8
6,5486,11
6,5487,8
6,5487,9
6,5487,11
6,5488,8
6,5489,8
6,5490,8
6,5491,8
6,5492,8
6,5493,8
6,5494,8
6,5495,8
6,5496,8
6,5497,8
6,5497,9
6,5498,8
6,5498,11
7,5499,15
4,5500,8
7,5501,1
7,5502,2
5,5503,7
7,5504,2
6,5505,9
6,5506,8
7,5507,2
5,5508,7
1,5509,3
5,5510,7
7,5511,2
5,5512,2
5,5513,2
5,5514,7
7,5515,2
2,5516,11
6,5517,11
5,5518,7
5,5519,2
7,5520,14
6,5521,8
2,5522,11
6,5523,8
7,5524,1
6,5525,8
6,5525,11
7,5526,2
4,5527,8
5,5528,7
7,5529,1
7,5529,11
7,5530,5
5,5531,7
5,5532,2
2,5533,7
7,5534,5
5,5535,7
5,5536,7
5,5537,2
